concurso,data,dezena_1,dezena_2,dezena_3,dezena_4,dezena_5,dezena_6,ganhadores_6_acertos,premio_6_acertos,acumulado,local
2240,07/03/2020,07,09,10,19,25,58,2,27894020.38,False," em SÃO PAULO, SP"
2241,10/03/2020,01,13,18,26,40,56,0,0.0,False," em SÃO PAULO, SP"
2242,12/03/2020,05,09,18,24,25,42,0,0.0,False," em SÃO PAULO, SP"
2243,14/03/2020,14,18,28,35,38,54,0,0.0,False," em SÃO PAULO, SP"
2244,18/03/2020,03,05,11,34,37,42,1,12147334.8,False," em SÃO PAULO, SP"
2245,21/03/2020,11,14,15,18,33,34,1,15186785.88,False," em SÃO PAULO, SP"
2246,25/03/2020,05,09,24,27,33,46,0,0.0,False," em SÃO PAULO, SP"
2247,28/03/2020,01,42,44,47,48,53,0,0.0,False," em SÃO PAULO, SP"
2248,01/04/2020,09,15,20,29,30,42,1,4906932.9,False," em SÃO PAULO, SP"
2249,04/04/2020,04,09,31,47,49,53,0,0.0,False," em SÃO PAULO, SP"
2250,08/04/2020,27,33,39,52,57,58,0,0.0,False," em SÃO PAULO, SP"
2251,11/04/2020,05,15,22,26,54,58,0,0.0,False," em SÃO PAULO, SP"
2252,15/04/2020,01,17,30,37,46,50,0,0.0,False," em SÃO PAULO, SP"
2253,18/04/2020,31,32,33,39,52,55,0,0.0,False," em SÃO PAULO, SP"
2254,22/04/2020,04,09,24,44,47,56,0,0.0,False," em SÃO PAULO, SP"
2255,25/04/2020,15,20,39,41,49,57,0,0.0,False," em SÃO PAULO, SP"
2256,29/04/2020,09,10,30,37,47,54,0,0.0,False," em SÃO PAULO, SP"
2257,02/05/2020,18,21,30,31,34,51,0,0.0,False," em SÃO PAULO, SP"
2258,05/05/2020,01,05,07,14,23,26,0,0.0,False,"ESPAÇO LOTERIAS CAIXA em SÃO PAULO, SP"
2259,07/05/2020,20,27,41,54,56,58,0,0.0,False,"ESPAÇO LOTERIAS CAIXA em SÃO PAULO, SP"
2260,09/05/2020,12,14,34,35,37,47,0,0.0,False,"ESPAÇO LOTERIAS CAIXA em SÃO PAULO, SP"
2261,13/05/2020,07,23,26,27,29,51,0,0.0,False,"ESPAÇO LOTERIAS em SÃO PAULO, SP"
2262,16/05/2020,07,08,14,23,30,46,1,101195308.3,False,"ESPAÇO LOTERIAS CAIXA em SÃO PAULO, SP"
2263,20/05/2020,09,24,33,43,49,57,0,0.0,False,"ESPAÇO LOTERIAS CAIXA em SÃO PAULO, SP"
2264,23/05/2020,02,03,08,19,29,37,0,0.0,False,"ESPAÇO LOTERIAS CAIXA em SÃO PAULO, SP"
2265,27/05/2020,14,20,23,39,46,50,0,0.0,False,"ESPAÇO LOTERIAS CAIXA em SÃO PAULO, SP"
2266,30/05/2020,10,23,31,37,58,59,0,0.0,False,"ESPAÇO LOTERIAS CAIXA em SÃO PAULO, SP"
2267,03/06/2020,20,32,33,48,49,53,1,45553191.42,False,"ESPAÇO LOTERIAS CAIXA em SÃO PAULO, SP"
2268,06/06/2020,04,13,23,28,30,52,0,0.0,False,"ESPAÇO LOTERIAS CAIXA em SÃO PAULO, SP"
2269,10/06/2020,01,11,14,23,29,55,0,0.0,False,"ESPAÇO LOTERIAS CAIXA em SÃO PAULO, SP"
2270,13/06/2020,14,16,38,39,41,48,0,0.0,False,"ESPAÇO LOTERIAS CAIXA em SÃO PAULO, SP"
2271,17/06/2020,06,10,27,28,41,52,0,0.0,False,"ESPAÇO LOTERIAS CAIXA em SÃO PAULO, SP"
2272,20/06/2020,02,05,11,24,41,49,0,0.0,False,"ESPAÇO LOTERIAS CAIXA em SÃO PAULO, SP"
2273,24/06/2020,15,16,20,38,40,58,1,43269740.25,False,"ESPAÇO LOTERIAS CAIXA em SÃO PAULO, SP"
2274,27/06/2020,08,11,17,33,40,55,0,0.0,False,"ESPAÇO LOTERIAS CAIXA em SÃO PAULO, SP"
2275,01/07/2020,02,04,25,36,50,53,0,0.0,False,"ESPAÇO LOTERIAS CAIXA em SÃO PAULO, SP"
2276,04/07/2020,05,15,18,27,49,57,0,0.0,False,"ESPAÇO LOTERIAS CAIXA em SÃO PAULO, SP"
2277,08/07/2020,10,22,23,37,53,60,0,0.0,False,"ESPAÇO LOTERIAS CAIXA em SÃO PAULO, SP"
2278,11/07/2020,08,17,34,37,43,45,0,0.0,False,"ESPAÇO LOTERIAS CAIXA em SÃO PAULO, SP"
2279,14/07/2020,05,12,14,20,27,28,1,43234926.1,False,"ESPAÇO LOTERIAS CAIXA em SÃO PAULO, SP"
2280,16/07/2020,28,29,31,50,58,59,0,0.0,False,"ESPAÇO LOTERIAS CAIXA em SÃO PAULO, SP"
2281,18/07/2020,14,27,35,40,50,55,0,0.0,False,"ESPAÇO LOTERIAS CAIXA em SÃO PAULO, SP"
2282,22/07/2020,12,27,30,36,45,52,1,28456665.08,False,"ESPAÇO LOTERIAS CAIXA em SÃO PAULO, SP"
2283,25/07/2020,04,24,37,43,59,60,0,0.0,False,"ESPAÇO LOTERIAS CAIXA em SÃO PAULO, SP"
2284,29/07/2020,04,10,12,14,36,46,0,0.0,False,"ESPAÇO LOTERIAS CAIXA em SÃO PAULO, SP"
2285,01/08/2020,01,07,10,12,33,42,2,11323343.69,False,"ESPAÇO LOTERIAS CAIXA em SÃO PAULO, SP"
2286,05/08/2020,09,21,30,41,42,43,0,0.0,False,"ESPAÇO LOTERIAS CAIXA em SÃO PAULO, SP"
2287,08/08/2020,02,04,06,29,41,56,0,0.0,False,"ESPAÇO LOTERIAS CAIXA em SÃO PAULO, SP"
2288,11/08/2020,02,26,35,39,40,56,0,0.0,False,"ESPAÇO LOTERIAS CAIXA em SÃO PAULO, SP"
2289,13/08/2020,06,09,34,37,38,45,0,0.0,False,"ESPAÇO LOTERIAS CAIXA em SÃO PAULO, SP"
2290,15/08/2020,05,18,36,44,57,60,0,0.0,False,"ESPAÇO LOTERIAS CAIXA em SÃO PAULO, SP"
2291,19/08/2020,12,26,31,36,37,49,0,0.0,False,"ESPAÇO LOTERIAS CAIXA em SÃO PAULO, SP"
2292,22/08/2020,06,16,18,33,42,57,0,0.0,False,"ESPAÇO LOTERIAS CAIXA em SÃO PAULO, SP"
2293,26/08/2020,01,02,10,37,42,48,0,0.0,False,"ESPAÇO LOTERIAS CAIXA em SÃO PAULO, SP"
2294,29/08/2020,09,15,20,33,41,43,0,0.0,False,"ESPAÇO LOTERIAS CAIXA em SÃO PAULO, SP"
2295,02/09/2020,06,13,26,28,35,41,0,0.0,False,"ESPAÇO LOTERIAS CAIXA em SÃO PAULO, SP"
2296,05/09/2020,01,06,21,29,36,59,2,47160446.98,False,"ESPAÇO LOTERIAS CAIXA em SÃO PAULO, SP"
2297,09/09/2020,20,22,35,40,41,59,0,0.0,False,"ESPAÇO LOTERIAS CAIXA em SÃO PAULO, SP"
2298,12/09/2020,13,17,21,31,41,49,0,0.0,False,"ESPAÇO LOTERIAS CAIXA em SÃO PAULO, SP"
2299,15/09/2020,02,03,19,40,44,60,0,0.0,False,"ESPAÇO LOTERIAS CAIXA em SÃO PAULO, SP"
2300,17/09/2020,09,21,37,39,43,54,0,0.0,False,"ESPAÇO LOTERIAS CAIXA em SÃO PAULO, SP"
2301,19/09/2020,17,18,35,36,47,52,0,0.0,False,"ESPAÇO LOTERIAS CAIXA em SÃO PAULO, SP"
2302,23/09/2020,18,22,25,27,43,44,0,0.0,False,"ESPAÇO LOTERIAS CAIXA em SÃO PAULO, SP"
2303,26/09/2020,03,07,17,20,48,50,0,0.0,False,"ESPAÇO LOTERIAS CAIXA em SÃO PAULO, SP"
2304,30/09/2020,12,21,29,54,56,57,0,0.0,False,"ESPAÇO LOTERIAS CAIXA em SÃO PAULO, SP"
2305,03/10/2020,07,16,22,38,55,57,0,0.0,False,"ESPAÇO LOTERIAS CAIXA em SÃO PAULO, SP"
2306,07/10/2020,03,19,28,33,57,58,1,103029826.38,False,"ESPAÇO LOTERIAS CAIXA em SÃO PAULO, SP"
2307,10/10/2020,16,33,38,46,53,55,0,0.0,False,"ESPAÇO LOTERIAS CAIXA em SÃO PAULO, SP"
2308,14/10/2020,09,13,26,38,58,60,1,6648106.25,False,"ESPAÇO LOTERIAS CAIXA em SÃO PAULO, SP"
2309,17/10/2020,09,11,29,30,33,60,0,0.0,False,"ESPAÇO LOTERIAS CAIXA em SÃO PAULO, SP"
2310,20/10/2020,13,17,28,29,42,53,0,0.0,False,"ESPAÇO LOTERIAS CAIXA em SÃO PAULO, SP"
2311,22/10/2020,03,05,09,35,43,60,0,0.0,False,"ESPAÇO LOTERIAS CAIXA em SÃO PAULO, SP"
2312,24/10/2020,03,27,39,46,47,60,0,0.0,False,"ESPAÇO LOTERIAS CAIXA em SÃO PAULO, SP"
2313,28/10/2020,03,20,26,45,49,58,0,0.0,False,"ESPAÇO LOTERIAS CAIXA em SÃO PAULO, SP"
2314,31/10/2020,06,07,28,42,45,49,1,53047796.53,False,"ESPAÇO LOTERIAS CAIXA em SÃO PAULO, SP"
2315,04/11/2020,01,10,17,26,30,53,0,0.0,False,"ESPAÇO LOTERIAS CAIXA em SÃO PAULO, SP"
2316,07/11/2020,02,11,43,49,52,56,0,0.0,False,"ESPAÇO LOTERIAS CAIXA em SÃO PAULO, SP"
2317,11/11/2020,03,08,30,33,35,48,0,0.0,False,"ESPAÇO LOTERIAS CAIXA em SÃO PAULO, SP"
2318,14/11/2020,28,44,52,54,58,60,0,0.0,False,"ESPAÇO LOTERIAS CAIXA em SÃO PAULO, SP"
2319,18/11/2020,06,17,25,35,40,49,0,0.0,False,"ESPAÇO LOTERIAS CAIXA em SÃO PAULO, SP"
2320,21/11/2020,06,30,35,39,42,48,1,76128023.58,False,"ESPAÇO LOTERIAS CAIXA em SÃO PAULO, SP"
2321,25/11/2020,14,25,28,41,43,46,1,3036906.71,False,"ESPAÇO LOTERIAS CAIXA em SÃO PAULO, SP"
2322,28/11/2020,02,05,10,29,34,41,0,0.0,False,"ESPAÇO LOTERIAS CAIXA em SÃO PAULO, SP"
2323,02/12/2020,20,27,35,39,50,59,0,0.0,False,"ESPAÇO LOTERIAS CAIXA em SÃO PAULO, SP"
2324,05/12/2020,02,16,19,31,43,60,0,0.0,False,"ESPAÇO LOTERIAS CAIXA em SÃO PAULO, SP"
2325,08/12/2020,33,34,37,46,52,60,0,0.0,False,"ESPAÇO LOTERIAS CAIXA em SÃO PAULO, SP"
2326,10/12/2020,10,16,27,34,36,57,0,0.0,False,"ESPAÇO LOTERIAS CAIXA em SÃO PAULO, SP"
2327,12/12/2020,30,37,45,54,57,58,0,0.0,False,"ESPAÇO LOTERIAS CAIXA em SÃO PAULO, SP"
2328,16/12/2020,08,11,14,39,48,53,0,0.0,False,"ESPAÇO LOTERIAS CAIXA em SÃO PAULO, SP"
2329,19/12/2020,12,14,28,42,45,55,2,26798752.27,False,"ESPAÇO LOTERIAS CAIXA em SÃO PAULO, SP"
2330,31/12/2020,17,20,22,35,41,42,2,162625108.22,True,"ESTUDIO DE TV REDE GLOBO/SP em SÃO PAULO, SP"
2331,02/01/2021,11,13,16,36,53,57,0,0.0,False,"ESPAÇO LOTERIAS CAIXA em SÃO PAULO, SP"
2332,06/01/2021,12,33,35,36,44,52,0,0.0,False,"ESPAÇO LOTERIAS CAIXA em SÃO PAULO, SP"
2333,09/01/2021,09,16,31,41,53,55,0,0.0,False,"ESPAÇO LOTERIAS CAIXA em SÃO PAULO, SP"
2334,13/01/2021,04,13,20,22,25,60,1,11854874.71,False,"ESPAÇO LOTERIAS CAIXA em SÃO PAULO, SP"
2335,16/01/2021,09,18,23,42,47,49,0,0.0,False,"ESPAÇO LOTERIAS CAIXA em SÃO PAULO, SP"
2336,20/01/2021,08,10,20,27,28,50,0,0.0,False,"ESPAÇO LOTERIAS CAIXA em SÃO PAULO, SP"
2337,23/01/2021,02,09,34,49,51,55,1,21898260.37,False,"ESPAÇO LOTERIAS CAIXA em SÃO PAULO, SP"
2338,26/01/2021,08,21,23,34,42,47,0,0.0,False,"ESPAÇO LOTERIAS CAIXA em SÃO PAULO, SP"
2339,28/01/2021,04,18,29,47,48,59,0,0.0,False,"ESPAÇO LOTERIAS CAIXA em SÃO PAULO, SP"
2340,30/01/2021,16,21,28,41,49,51,0,0.0,False,"ESPAÇO LOTERIAS CAIXA em SÃO PAULO, SP"
2341,03/02/2021,04,09,31,32,42,46,1,25099868.34,False,"ESPAÇO LOTERIAS CAIXA em SÃO PAULO, SP"
2342,06/02/2021,17,20,24,27,40,60,0,0.0,False,"ESPAÇO LOTERIAS CAIXA em SÃO PAULO, SP"
2343,10/02/2021,04,31,42,45,49,56,0,0.0,False,"ESPAÇO LOTERIAS CAIXA em SÃO PAULO, SP"
2344,13/02/2021,11,17,25,38,52,57,0,0.0,False,"ESPAÇO LOTERIAS CAIXA em SÃO PAULO, SP"
2345,17/02/2021,07,16,19,22,28,55,0,0.0,False,"ESPAÇO LOTERIAS CAIXA em SÃO PAULO, SP"
2346,20/02/2021,03,04,11,40,42,58,0,0.0,False,"ESPAÇO LOTERIAS CAIXA em SÃO PAULO, SP"
2347,24/02/2021,08,09,17,30,58,60,0,0.0,False,"ESPAÇO LOTERIAS CAIXA em SÃO PAULO, SP"
2348,27/02/2021,02,03,07,48,51,54,1,49341885.2,False,"ESPAÇO LOTERIAS CAIXA em SÃO PAULO, SP"
2349,03/03/2021,05,10,25,32,49,54,1,2780964.58,False,"ESPAÇO LOTERIAS CAIXA em SÃO PAULO, SP"
2350,06/03/2021,25,28,29,34,41,45,0,0.0,False,"ESPAÇO LOTERIAS CAIXA em SÃO PAULO, SP"
2351,10/03/2021,19,22,35,41,47,49,0,0.0,False,"ESPAÇO LOTERIAS CAIXA em SÃO PAULO, SP"
2352,13/03/2021,09,17,38,41,49,55,0,0.0,False,"ESPAÇO LOTERIAS CAIXA em SÃO PAULO, SP"
2353,17/03/2021,03,19,34,41,48,53,0,0.0,False,"ESPAÇO LOTERIAS CAIXA em SÃO PAULO, SP"
2354,20/03/2021,06,18,25,30,42,54,2,22779788.25,False,"ESPAÇO LOTERIAS CAIXA em SÃO PAULO, SP"
2355,24/03/2021,07,30,31,41,50,56,0,0.0,False,"ESPAÇO LOTERIAS CAIXA em SÃO PAULO, SP"
2356,27/03/2021,03,10,25,36,51,58,1,27070907.55,False,"ESPAÇO LOTERIAS CAIXA em SÃO PAULO, SP"
2357,31/03/2021,19,28,30,34,40,51,0,0.0,False,"ESPAÇO LOTERIAS CAIXA em SÃO PAULO, SP"
2358,03/04/2021,05,09,11,16,43,57,0,0.0,False,"ESPAÇO LOTERIAS CAIXA em SÃO PAULO, SP"
2359,06/04/2021,31,32,39,42,43,51,0,0.0,False,"ESPAÇO LOTERIAS CAIXA em SÃO PAULO, SP"
2360,08/04/2021,10,15,21,24,29,45,0,0.0,False,"ESPAÇO LOTERIAS CAIXA em SÃO PAULO, SP"
2361,10/04/2021,14,21,22,29,35,46,0,0.0,False,"ESPAÇO LOTERIAS CAIXA em SÃO PAULO, SP"
2362,14/04/2021,03,20,22,32,35,50,0,0.0,False,"ESPAÇO LOTERIAS CAIXA em SÃO PAULO, SP"
2363,17/04/2021,06,14,24,34,39,58,1,40076100.78,False,"ESPAÇO LOTERIAS CAIXA em SÃO PAULO, SP"
2364,22/04/2021,20,33,42,44,51,56,0,0.0,False,"ESPAÇO LOTERIAS CAIXA em SÃO PAULO, SP"
2365,24/04/2021,01,17,28,37,44,50,0,0.0,False,"ESPAÇO LOTERIAS CAIXA em SÃO PAULO, SP"
2366,28/04/2021,04,27,33,35,38,41,0,0.0,False,"ESPAÇO LOTERIAS CAIXA em SÃO PAULO, SP"
2367,30/04/2021,05,23,29,34,53,60,0,0.0,False,"ESPAÇO LOTERIAS CAIXA em SÃO PAULO, SP"
2368,04/05/2021,04,07,13,25,36,58,1,37429107.24,False,"ESPAÇO LOTERIAS CAIXA em SÃO PAULO, SP"
2369,06/05/2021,04,09,17,19,37,60,0,0.0,False,"ESPAÇO LOTERIAS CAIXA em SÃO PAULO, SP"
2370,08/05/2021,07,31,37,42,44,56,0,0.0,False,"ESPAÇO LOTERIAS CAIXA em SÃO PAULO, SP"
2371,12/05/2021,04,15,30,36,39,48,0,0.0,False,"ESPAÇO LOTERIAS CAIXA em SÃO PAULO, SP"
2372,15/05/2021,03,19,25,44,46,57,0,0.0,False,"ESPAÇO LOTERIAS CAIXA em SÃO PAULO, SP"
2373,19/05/2021,23,24,26,44,49,60,0,0.0,False,"ESPAÇO LOTERIAS CAIXA em SÃO PAULO, SP"
2374,22/05/2021,12,13,25,37,39,41,0,0.0,False,"ESPAÇO LOTERIAS CAIXA em SÃO PAULO, SP"
2375,26/05/2021,02,06,44,46,53,58,0,0.0,False,"ESPAÇO LOTERIAS CAIXA em SÃO PAULO, SP"
2376,29/05/2021,12,14,17,18,19,22,2,47341439.63,False,"ESPAÇO LOTERIAS CAIXA em SÃO PAULO, SP"
2377,02/06/2021,05,18,29,35,43,44,0,0.0,False,"ESPAÇO LOTERIAS CAIXA em SÃO PAULO, SP"
2378,05/06/2021,11,37,38,41,49,54,0,0.0,False,"ESPAÇO LOTERIAS CAIXA em SÃO PAULO, SP"
2379,09/06/2021,02,08,26,32,46,56,0,0.0,False,"ESPAÇO LOTERIAS CAIXA em SÃO PAULO, SP"
2380,12/06/2021,11,16,20,24,39,53,1,43258691.06,False,"ESPAÇO LOTERIAS CAIXA em SÃO PAULO, SP"
2381,16/06/2021,07,23,32,41,42,47,0,0.0,False,"ESPAÇO LOTERIAS CAIXA em SÃO PAULO, SP"
2382,19/06/2021,06,09,19,38,53,55,1,7098061.76,False,"ESPAÇO LOTERIAS CAIXA em SÃO PAULO, SP"
2383,23/06/2021,13,15,16,20,40,41,1,2783717.0,False,"ESPAÇO LOTERIAS CAIXA em SÃO PAULO, SP"
2384,26/06/2021,09,13,22,25,26,31,0,0.0,False,"ESPAÇO LOTERIAS CAIXA em SÃO PAULO, SP"
2385,29/06/2021,12,24,32,37,43,60,0,0.0,False,"ESPAÇO LOTERIAS CAIXA em SÃO PAULO, SP"
2386,01/07/2021,11,13,16,35,49,50,0,0.0,False,"ESPAÇO LOTERIAS CAIXA em SÃO PAULO, SP"
2387,03/07/2021,08,26,30,31,38,48,0,0.0,False,"ESPAÇO LOTERIAS CAIXA em SÃO PAULO, SP"
2388,07/07/2021,08,30,33,37,45,48,0,0.0,False,"ESPAÇO LOTERIAS CAIXA em SÃO PAULO, SP"
2389,10/07/2021,16,30,37,39,40,51,0,0.0,False,"ESPAÇO LOTERIAS CAIXA em SÃO PAULO, SP"
2390,14/07/2021,09,13,20,22,32,56,0,0.0,False,"ESPAÇO LOTERIAS CAIXA em SÃO PAULO, SP"
2391,17/07/2021,05,08,13,27,36,50,1,76237205.1,False,"ESPAÇO LOTERIAS CAIXA em SÃO PAULO, SP"
2392,21/07/2021,11,15,23,25,34,53,0,0.0,False,"ESPAÇO LOTERIAS CAIXA em SÃO PAULO, SP"
2393,24/07/2021,26,27,28,32,38,51,0,0.0,False,"ESPAÇO LOTERIAS CAIXA em SÃO PAULO, SP"
2394,28/07/2021,05,16,25,36,42,44,0,0.0,False,"ESPAÇO LOTERIAS CAIXA em SÃO PAULO, SP"
2395,31/07/2021,04,11,12,44,45,57,0,0.0,False,"ESPAÇO LOTERIAS CAIXA em SÃO PAULO, SP"
2396,04/08/2021,02,03,25,39,42,49,0,0.0,False,"ESPAÇO LOTERIAS CAIXA em SÃO PAULO, SP"
2397,07/08/2021,06,14,20,39,46,48,0,0.0,False,"ESPAÇO LOTERIAS CAIXA em SÃO PAULO, SP"
2398,10/08/2021,08,17,30,36,54,59,1,60902054.13,False,"ESPAÇO LOTERIAS CAIXA em SÃO PAULO, SP"
2399,12/08/2021,27,35,42,44,51,52,0,0.0,False,"ESPAÇO LOTERIAS CAIXA em SÃO PAULO, SP"
2400,14/08/2021,09,21,25,26,36,53,0,0.0,False,"ESPAÇO LOTERIAS CAIXA em SÃO PAULO, SP"
2401,18/08/2021,08,11,13,33,38,48,0,0.0,False,"ESPAÇO LOTERIAS CAIXA em SÃO PAULO, SP"
2402,21/08/2021,06,22,25,29,30,60,1,40953827.42,False,"ESPAÇO LOTERIAS CAIXA em SÃO PAULO, SP"
2403,25/08/2021,10,12,14,32,33,34,0,0.0,False,"ESPAÇO LOTERIAS CAIXA em SÃO PAULO, SP"
2404,28/08/2021,01,19,35,40,47,54,0,0.0,False,"ESPAÇO LOTERIAS CAIXA em SÃO PAULO, SP"
2405,01/09/2021,21,38,48,49,53,59,0,0.0,False,"ESPAÇO LOTERIAS CAIXA em SÃO PAULO, SP"
2406,04/09/2021,08,12,29,43,54,60,0,0.0,False,"ESPAÇO LOTERIAS CAIXA em SÃO PAULO, SP"
2407,08/09/2021,13,17,31,43,54,55,0,0.0,False,"ESPAÇO LOTERIAS CAIXA em SÃO PAULO, SP"
2408,11/09/2021,04,29,30,38,43,57,1,46317095.04,False,"ESPAÇO LOTERIAS CAIXA em SÃO PAULO, SP"
2409,15/09/2021,02,29,39,49,52,58,0,0.0,False,"ESPAÇO LOTERIAS CAIXA em SÃO PAULO, SP"
2410,18/09/2021,07,10,27,35,43,59,2,12503139.64,False,"ESPAÇO LOTERIAS CAIXA em SÃO PAULO, SP"
2411,22/09/2021,07,26,29,34,43,44,0,0.0,False,"ESPAÇO LOTERIAS CAIXA em SÃO PAULO, SP"
2412,25/09/2021,09,16,34,36,49,60,0,0.0,False,"ESPAÇO LOTERIAS CAIXA em SÃO PAULO, SP"
2413,28/09/2021,03,22,37,40,41,48,0,0.0,False,"ESPAÇO LOTERIAS CAIXA em SÃO PAULO, SP"
2414,30/09/2021,04,05,06,14,29,38,0,0.0,False,"ESPAÇO LOTERIAS CAIXA em SÃO PAULO, SP"
2415,02/10/2021,10,12,26,29,35,60,0,0.0,False,"ESPAÇO LOTERIAS CAIXA em SÃO PAULO, SP"
2416,06/10/2021,06,07,11,26,37,57,1,35714240.27,False,"ESPAÇO LOTERIAS CAIXA em SÃO PAULO, SP"
2417,09/10/2021,03,07,10,11,27,46,0,0.0,False,"ESPAÇO LOTERIAS CAIXA em SÃO PAULO, SP"
2418,13/10/2021,02,11,19,27,57,60,0,0.0,False,"ESPAÇO LOTERIAS CAIXA em SÃO PAULO, SP"
2419,16/10/2021,10,35,43,48,50,53,1,11509541.3,False,"ESPAÇO LOTERIAS CAIXA em SÃO PAULO, SP"
2420,19/10/2021,05,08,29,39,44,60,0,0.0,False,"ESPAÇO LOTERIAS CAIXA em SÃO PAULO, SP"
2421,21/10/2021,02,03,32,35,48,57,0,0.0,False,"ESPAÇO LOTERIAS CAIXA em SÃO PAULO, SP"
2422,23/10/2021,02,07,10,20,30,46,0,0.0,False,"ESPAÇO LOTERIAS CAIXA em SÃO PAULO, SP"
2423,27/10/2021,16,18,38,48,51,60,0,0.0,False,"ESPAÇO LOTERIAS CAIXA em SÃO PAULO, SP"
2424,30/10/2021,03,16,17,37,38,53,0,0.0,False,"ESPAÇO LOTERIAS CAIXA em SÃO PAULO, SP"
2425,03/11/2021,10,31,38,46,49,54,0,0.0,False,"ESPAÇO LOTERIAS CAIXA em SÃO PAULO, SP"
2426,06/11/2021,05,11,24,27,32,57,0,0.0,False,"ESPAÇO LOTERIAS CAIXA em SÃO PAULO, SP"
2427,10/11/2021,03,19,25,37,44,56,5,18181413.39,False,"ESPAÇO LOTERIAS CAIXA em SÃO PAULO, SP"
2428,13/11/2021,03,09,25,28,29,39,0,0.0,False,"ESPAÇO LOTERIAS CAIXA em SÃO PAULO, SP"
2429,17/11/2021,11,37,53,55,56,60,0,0.0,False,"ESPAÇO DA SORTE em SÃO PAULO, SP"
2430,20/11/2021,19,26,39,45,46,56,1,39690444.5,False,"ESPAÇO LOTERIAS CAIXA em SÃO PAULO, SP"
2431,24/11/2021,08,11,22,25,26,36,0,0.0,False,"ESPAÇO LOTERIAS CAIXA em SÃO PAULO, SP"
2432,27/11/2021,07,29,38,40,44,52,0,0.0,False,"ESPAÇO LOTERIAS CAIXA em SÃO PAULO, SP"
2433,01/12/2021,08,09,32,52,53,57,0,0.0,False,"ESPAÇO LOTERIAS CAIXA em SÃO PAULO, SP"
2434,04/12/2021,01,02,14,28,40,51,0,0.0,False,"ESPAÇO LOTERIAS CAIXA em SÃO PAULO, SP"
2435,07/12/2021,05,22,30,32,33,36,0,0.0,False,"ESPAÇO LOTERIAS CAIXA em SÃO PAULO, SP"
2436,09/12/2021,05,15,28,32,38,54,1,39405657.46,False,"ESPAÇO LOTERIAS CAIXA em SÃO PAULO, SP"
2437,11/12/2021,01,19,41,46,48,55,0,0.0,False,"ESPAÇO LOTERIAS CAIXA em SÃO PAULO, SP"
2438,15/12/2021,04,11,19,25,37,55,1,6549381.39,False,"ESPAÇO LOTERIAS CAIXA em SÃO PAULO, SP"
2439,18/12/2021,02,08,34,38,47,51,0,0.0,False,"ESPAÇO LOTERIAS CAIXA em SÃO PAULO, SP"
2440,31/12/2021,12,15,23,32,33,46,2,189062363.74,True,"ESTÚDIO DE TV REDE GLOBO/SP em SÃO PAULO, SP"
2441,05/01/2022,09,41,42,46,47,54,0,0.0,False,"ESPAÇO LOTERIAS CAIXA em SÃO PAULO, SP"
2442,08/01/2022,02,07,09,25,41,49,0,0.0,False,"ESPAÇO LOTERIAS CAIXA em SÃO PAULO, SP"
2443,12/01/2022,01,05,12,13,17,31,2,5259397.57,False,"ESPAÇO LOTERIAS CAIXA em SÃO PAULO, SP"
2444,15/01/2022,15,17,20,35,37,43,0,0.0,False,"ESPAÇO LOTERIAS CAIXA em SÃO PAULO, SP"
2445,19/01/2022,11,25,32,37,47,56,0,0.0,False,"ESPAÇO LOTERIAS CAIXA em SÃO PAULO, SP"
2446,22/01/2022,01,13,27,41,51,58,0,0.0,False,"ESPAÇO LOTERIAS CAIXA em SÃO PAULO, SP"
2447,25/01/2022,13,19,29,42,49,52,0,0.0,False,"ESPAÇO LOTERIAS CAIXA em SÃO PAULO, SP"
2448,27/01/2022,18,30,32,35,40,48,0,0.0,False,"ESPAÇO LOTERIAS CAIXA em SÃO PAULO, SP"
2449,29/01/2022,14,20,21,31,49,52,1,36777767.1,False,"ESPAÇO LOTERIAS CAIXA em SÃO PAULO, SP"
2450,02/02/2022,02,06,11,15,17,39,0,0.0,False,"ESPAÇO LOTERIAS CAIXA em SÃO PAULO, SP"
2451,05/02/2022,13,26,31,46,51,60,1,26422347.01,False,"ESPAÇO LOTERIAS CAIXA em SÃO PAULO, SP"
2452,09/02/2022,08,10,51,56,57,58,0,0.0,False,"ESPAÇO LOTERIAS CAIXA em SÃO PAULO, SP"
2453,12/02/2022,10,14,15,24,34,44,0,0.0,False,"ESPAÇO LOTERIAS CAIXA em SÃO PAULO, SP"
2454,16/02/2022,09,14,22,24,44,47,0,0.0,False,"ESPAÇO LOTERIAS CAIXA em SÃO PAULO, SP"
2455,19/02/2022,21,38,50,53,56,59,0,0.0,False,"ESPAÇO LOTERIAS CAIXA em SÃO PAULO, SP"
2456,22/02/2022,28,34,40,41,52,55,0,0.0,False,"ESPAÇO LOTERIAS CAIXA em SÃO PAULO, SP"
2457,24/02/2022,10,19,46,47,49,50,0,0.0,False,"ESPAÇO LOTERIAS CAIXA em SÃO PAULO, SP"
2458,26/02/2022,15,40,44,45,47,51,0,0.0,False,"ESPAÇO LOTERIAS CAIXA em SÃO PAULO, SP"
2459,03/03/2022,15,24,33,49,53,59,0,0.0,False,"ESPAÇO DA SORTE em SÃO PAULO, SP"
2460,05/03/2022,16,17,18,28,35,47,0,0.0,False,"ESPAÇO DA SORTE em SÃO PAULO, SP"
2461,09/03/2022,08,11,16,21,32,37,0,0.0,False,"ESPAÇO DA SORTE em SÃO PAULO, SP"
2462,12/03/2022,03,16,23,41,45,57,0,0.0,False,"ESPAÇO DA SORTE em SÃO PAULO, SP"
2463,16/03/2022,11,16,31,37,42,51,0,0.0,False,"ESPAÇO DA SORTE em SÃO PAULO, SP"
2464,19/03/2022,02,07,24,43,52,56,2,94690936.18,False,"ESPAÇO DA SORTE em SÃO PAULO, SP"
2465,23/03/2022,03,08,23,29,53,54,0,0.0,False,"ESPAÇO DA SORTE em SÃO PAULO, SP"
2466,26/03/2022,02,03,13,20,53,54,0,0.0,False,"ESPAÇO DA SORTE em SÃO PAULO, SP"
2467,30/03/2022,01,10,19,34,35,45,0,0.0,False,"ESPAÇO DA SORTE em SÃO PAULO, SP"
2468,02/04/2022,22,35,41,42,53,57,1,122627171.8,False,"ESPAÇO DA SORTE em SÃO PAULO, SP"
2469,06/04/2022,05,28,30,38,52,55,0,0.0,False,"ESPAÇO DA SORTE em SÃO PAULO, SP"
2470,09/04/2022,08,33,40,42,48,51,0,0.0,False,"ESPAÇO DA SORTE em SÃO PAULO, SP"
2471,13/04/2022,08,23,29,30,36,55,0,0.0,False,"ESPAÇO DA SORTE em SÃO PAULO, SP"
2472,16/04/2022,05,13,18,23,35,36,1,66733761.74,False,"ESPAÇO DA SORTE em SÃO PAULO, SP"
2473,20/04/2022,15,18,28,42,55,60,0,0.0,False,"ESPAÇO DA SORTE em SÃO PAULO, SP"
2474,23/04/2022,22,30,38,39,49,56,0,0.0,False,"ESPAÇO DA SORTE em SÃO PAULO, SP"
2475,26/04/2022,01,40,44,45,58,60,0,0.0,False,"ESPAÇO DA SORTE em SÃO PAULO, SP"
2476,28/04/2022,02,07,32,46,49,55,0,0.0,False,"ESPAÇO DA SORTE em SÃO PAULO, SP"
2477,30/04/2022,20,33,37,38,49,50,0,0.0,False,"ESPAÇO DA SORTE em SÃO PAULO, SP"
2478,04/05/2022,02,17,23,28,39,46,1,58922844.33,False,"ESPAÇO DA SORTE em SÃO PAULO, SP"
2479,07/05/2022,10,15,17,20,21,35,1,4456908.1,False,"ESPAÇO DA SORTE em SÃO PAULO, SP"
2480,11/05/2022,04,06,09,31,50,56,0,0.0,False,"ESPAÇO DA SORTE em SÃO PAULO, SP"
2481,14/05/2022,01,08,21,27,36,37,0,0.0,False,"ESPAÇO DA SORTE em SÃO PAULO, SP"
2482,18/05/2022,01,32,35,44,45,57,0,0.0,False,"ESPAÇO DA SORTE em SÃO PAULO, SP"
2483,21/05/2022,20,34,38,40,49,54,0,0.0,False,"ESPAÇO DA SORTE em SÃO PAULO, SP"
2484,25/05/2022,11,14,36,41,54,59,0,0.0,False,"ESPAÇO DA SORTE em SÃO PAULO, SP"
2485,28/05/2022,05,12,32,38,47,60,0,0.0,False,"ESPAÇO DA SORTE em SÃO PAULO, SP"
2486,31/05/2022,08,09,17,19,33,56,1,117557270.98,False,"ESPAÇO DA SORTE em SÃO PAULO, SP"
2487,02/06/2022,23,36,42,48,54,58,1,3681934.22,False,"ESPAÇO DA SORTE em SÃO PAULO, SP"
2488,04/06/2022,17,31,34,40,56,57,0,0.0,False,"ESPAÇO DA SORTE em SÃO PAULO, SP"
2489,08/06/2022,03,10,13,25,41,42,0,0.0,False,"ESPAÇO DA SORTE em SÃO PAULO, SP"
2490,11/06/2022,11,16,17,41,46,59,0,0.0,False,"ESPAÇO DA SORTE em SÃO PAULO, SP"
2491,15/06/2022,22,29,38,43,48,53,0,0.0,False,"ESPAÇO DA SORTE em SÃO PAULO, SP"
2492,18/06/2022,10,30,31,33,42,52,0,0.0,False,"ESPAÇO DA SORTE em SÃO PAULO, SP"
2493,22/06/2022,04,09,37,43,44,56,0,0.0,False,"ESPAÇO DA SORTE em SÃO PAULO, SP"
2494,25/06/2022,01,04,10,22,53,54,1,78763087.85,False,"ESPAÇO DA SORTE em SÃO PAULO, SP"
2495,28/06/2022,08,12,14,30,33,41,0,0.0,False,"ESPAÇO DA SORTE em SÃO PAULO, SP"
2496,30/06/2022,07,26,31,38,46,58,0,0.0,False,"ESPAÇO DA SORTE em SÃO PAULO, SP"
2497,02/07/2022,05,14,23,46,48,52,0,0.0,False,"ESPAÇO DA SORTE em SÃO PAULO, SP"
2498,06/07/2022,09,12,26,29,46,47,1,51830706.79,False,"ESPAÇO DA SORTE em SÃO PAULO, SP"
2499,09/07/2022,11,19,38,47,56,59,0,0.0,False,"ESPAÇO DA SORTE em SÃO PAULO, SP"
2500,13/07/2022,05,16,25,32,39,55,1,27485274.0,False,"ESPAÇO DA SORTE em SÃO PAULO, SP"
2501,16/07/2022,11,27,32,40,58,59,0,0.0,False,"ESPAÇO DA SORTE em SÃO PAULO, SP"
2502,20/07/2022,16,20,21,39,44,55,0,0.0,False,"ESPAÇO DA SORTE em SÃO PAULO, SP"
2503,23/07/2022,03,14,16,38,43,45,1,13748083.57,False,"ESPAÇO DA SORTE em SÃO PAULO, SP"
2504,27/07/2022,14,33,41,42,44,55,0,0.0,False,"ESPAÇO DA SORTE em SÃO PAULO, SP"
2505,30/07/2022,03,05,19,26,43,51,1,24271229.51,False,"ESPAÇO DA SORTE em SÃO PAULO, SP"
2506,02/08/2022,21,22,29,34,40,44,0,0.0,False,"ESPAÇO DA SORTE em SÃO PAULO, SP"
2507,04/08/2022,04,06,12,34,35,53,1,5543989.92,False,"ESPAÇO DA SORTE em SÃO PAULO, SP"
2508,06/08/2022,41,45,48,51,53,58,0,0.0,False,"ESPAÇO DA SORTE em SÃO PAULO, SP"
2509,10/08/2022,08,37,39,50,59,60,0,0.0,False,"ESPAÇO DA SORTE em SÃO PAULO, SP"
2510,13/08/2022,08,13,25,32,44,57,4,6670155.67,False,"ESPAÇO DA SORTE em SÃO PAULO, SP"
2511,17/08/2022,04,10,15,39,41,49,0,0.0,False,"ESPAÇO DA SORTE em SÃO PAULO, SP"
2512,20/08/2022,07,10,34,47,49,52,0,0.0,False,"ESPAÇO DA SORTE em SÃO PAULO, SP"
2513,24/08/2022,13,19,21,35,46,50,0,0.0,False,"ESPAÇO DA SORTE em SÃO PAULO, SP"
2514,27/08/2022,05,15,24,34,45,52,0,0.0,False,"ESPAÇO DA SORTE em SÃO PAULO, SP"
2515,31/08/2022,03,12,19,41,45,54,0,0.0,False,"ESPAÇO DA SORTE em SÃO PAULO, SP"
2516,03/09/2022,08,17,49,51,52,53,0,0.0,False,"ESPAÇO DA SORTE em SÃO PAULO, SP"
2517,08/09/2022,01,05,06,16,22,39,0,0.0,False,"ESPAÇO DA SORTE em SÃO PAULO, SP"
2518,10/09/2022,03,22,23,44,53,60,0,0.0,False,"ESPAÇO DA SORTE em SÃO PAULO, SP"
2519,13/09/2022,03,08,20,36,38,57,0,0.0,False,"ESPAÇO DA SORTE em SÃO PAULO, SP"
2520,15/09/2022,02,17,22,41,58,60,0,0.0,False,"ESPAÇO DA SORTE em SÃO PAULO, SP"
2521,17/09/2022,23,28,33,38,55,59,0,0.0,False,"ESPAÇO DA SORTE em SÃO PAULO, SP"
2522,21/09/2022,04,05,25,32,39,40,0,0.0,False,"ESPAÇO DA SORTE em SÃO PAULO, SP"
2523,24/09/2022,01,10,27,36,37,45,0,0.0,False,"ESPAÇO DA SORTE em SÃO PAULO, SP"
2524,28/09/2022,03,20,22,37,41,43,0,0.0,False,"ESPAÇO DA SORTE em SÃO PAULO, SP"
2525,01/10/2022,04,13,21,26,47,51,2,158926894.27,False,"ESPAÇO DA SORTE em SÃO PAULO, SP"
2526,05/10/2022,02,16,24,38,43,59,0,0.0,False,"ESPAÇO DA SORTE em SÃO PAULO, SP"
2527,08/10/2022,08,19,29,38,48,56,0,0.0,False,"ESPAÇO DA SORTE em SÃO PAULO, SP"
2528,13/10/2022,04,15,22,53,56,60,0,0.0,False,"ESPAÇO DA SORTE em SÃO PAULO, SP"
2529,15/10/2022,03,05,32,56,57,59,0,0.0,False,"ESPAÇO DA SORTE em SÃO PAULO, SP"
2530,18/10/2022,14,17,18,28,30,44,0,0.0,False,"ESPAÇO DA SORTE em SÃO PAULO, SP"
2531,20/10/2022,01,05,18,49,55,56,0,0.0,False,"ESPAÇO DA SORTE em SÃO PAULO, SP"
2532,22/10/2022,10,14,17,18,23,30,0,0.0,False,"ESPAÇO DA SORTE em SÃO PAULO, SP"
2533,26/10/2022,17,18,20,37,45,53,0,0.0,False,"ESPAÇO DA SORTE em SÃO PAULO, SP"
2534,29/10/2022,28,36,39,44,56,60,1,131566946.59,False,"ESPAÇO DA SORTE em SÃO PAULO, SP"
2535,03/11/2022,01,03,24,37,51,56,0,0.0,False,"ESPAÇO DA SORTE em SÃO PAULO, SP"
2536,05/11/2022,09,22,27,30,33,45,0,0.0,False,"ESPAÇO DA SORTE em SÃO PAULO, SP"
2537,09/11/2022,12,24,26,31,37,48,1,64250536.1,False,"ESPAÇO DA SORTE em SÃO PAULO, SP"
2538,12/11/2022,06,15,19,20,33,52,0,0.0,False,"ESPAÇO DA SORTE em SÃO PAULO, SP"
2539,16/11/2022,01,23,32,33,36,59,0,0.0,False,"ESPAÇO DA SORTE em SÃO PAULO, SP"
2540,19/11/2022,02,08,28,34,41,49,0,0.0,False,"ESPAÇO DA SORTE em SÃO PAULO, SP"
2541,22/11/2022,10,28,45,47,57,59,0,0.0,False,"ESPAÇO DA SORTE em SÃO PAULO, SP"
2542,24/11/2022,12,20,22,25,26,55,0,0.0,False,"ESPAÇO DA SORTE em SÃO PAULO, SP"
2543,26/11/2022,02,05,27,30,46,53,0,0.0,False,"ESPAÇO DA SORTE em SÃO PAULO, SP"
2544,30/11/2022,25,38,45,53,55,56,0,0.0,False,"ESPAÇO DA SORTE em SÃO PAULO, SP"
2545,03/12/2022,20,23,32,36,39,57,0,0.0,False,"ESPAÇO DA SORTE em SÃO PAULO, SP"
2546,07/12/2022,03,23,28,34,38,48,0,0.0,False,"ESPAÇO DA SORTE em SÃO PAULO, SP"
2547,10/12/2022,10,25,31,37,38,57,0,0.0,False,"ESPAÇO DA SORTE em SÃO PAULO, SP"
2548,14/12/2022,09,15,23,25,29,30,1,134811174.29,False,"ESPAÇO DA SORTE em SÃO PAULO, SP"
2549,17/12/2022,01,06,10,30,33,35,0,0.0,False,"ESPAÇO DA SORTE em SÃO PAULO, SP"
2550,31/12/2022,04,05,10,34,58,59,5,108393993.26,True,"ESTÚDIO REDE GLOBO em SÃO PAULO, SP"
2551,04/01/2023,01,25,29,43,46,48,0,0.0,False,"ESPAÇO DA SORTE em SÃO PAULO, SP"
2552,07/01/2023,05,24,25,33,38,41,0,0.0,False,"ESPAÇO DA SORTE em SÃO PAULO, SP"
2553,10/01/2023,13,15,53,54,55,58,0,0.0,False,"ESPAÇO DA SORTE em SÃO PAULO, SP"
2554,12/01/2023,19,25,43,44,48,49,0,0.0,False,"ESPAÇO DA SORTE em SÃO PAULO, SP"
2555,14/01/2023,03,20,45,52,53,58,0,0.0,False,"ESPAÇO DA SORTE em SÃO PAULO, SP"
2556,18/01/2023,02,06,10,14,34,56,0,0.0,False,"ESPAÇO DA SORTE em SÃO PAULO, SP"
2557,21/01/2023,03,13,16,25,27,33,0,0.0,False,"ESPAÇO DA SORTE em SÃO PAULO, SP"
2558,25/01/2023,02,10,18,25,34,44,0,0.0,False,"ESPAÇO DA SORTE em SÃO PAULO, SP"
2559,28/01/2023,09,12,20,30,32,35,0,0.0,False,"ESPAÇO DA SORTE em SÃO PAULO, SP"
2560,01/02/2023,04,05,17,20,48,52,0,0.0,False,"ESPAÇO DA SORTE em SÃO PAULO, SP"
2561,04/02/2023,19,22,37,44,51,56,0,0.0,False,"ESPAÇO DA SORTE em SÃO PAULO, SP"
2562,08/02/2023,06,12,32,44,51,57,2,76403943.65,False,"ESPAÇO DA SORTE em SÃO PAULO, SP"
2563,11/02/2023,05,09,14,30,38,50,0,0.0,False,"ESPAÇO DA SORTE em SÃO PAULO, SP"
2564,14/02/2023,07,08,14,19,32,45,0,0.0,False,"ESPAÇO DA SORTE em SÃO PAULO, SP"
2565,16/02/2023,09,13,25,39,46,54,3,17626625.69,False,"ESPAÇO DA SORTE em SÃO PAULO, SP"
2566,18/02/2023,11,23,45,53,57,59,0,0.0,False,"ESPAÇO DA SORTE em SÃO PAULO, SP"
2567,23/02/2023,10,11,19,33,58,60,1,8548140.96,False,"ESPAÇO DA SORTE em SÃO PAULO, SP"
2568,25/02/2023,16,22,29,35,38,49,0,0.0,False,"ESPAÇO DA SORTE em SÃO PAULO, SP"
2569,01/03/2023,06,07,25,28,31,52,0,0.0,False,"ESPAÇO DA SORTE em SÃO PAULO, SP"
2570,04/03/2023,08,18,26,27,47,50,1,33139056.49,False,"ESPAÇO DA SORTE em SÃO PAULO, SP"
2571,08/03/2023,09,18,33,38,41,51,0,0.0,False,"ESPAÇO DA SORTE em SÃO PAULO, SP"
2572,11/03/2023,03,07,15,22,24,50,0,0.0,False,"ESPAÇO DA SORTE em SÃO PAULO, SP"
2573,14/03/2023,06,26,32,35,37,49,0,0.0,False,"ESPAÇO DA SORTE em SÃO PAULO, SP"
2574,16/03/2023,12,17,43,44,48,60,0,0.0,False,"ESPAÇO DA SORTE em SÃO PAULO, SP"
2575,18/03/2023,04,12,14,41,46,53,0,0.0,False,"ESPAÇO DA SORTE em SÃO PAULO, SP"
2576,22/03/2023,29,32,33,35,38,43,0,0.0,False,"ESPAÇO DA SORTE em SÃO PAULO, SP"
2577,25/03/2023,12,18,22,31,44,50,0,0.0,False,"ESPAÇO DA SORTE em SÃO PAULO, SP"
2578,29/03/2023,37,39,47,50,59,60,2,37457585.34,False,"ESPAÇO DA SORTE em SÃO PAULO, SP"
2579,01/04/2023,05,10,26,35,38,44,0,0.0,False,"ESPAÇO DA SORTE em SÃO PAULO, SP"
2580,05/04/2023,03,04,13,29,36,43,0,0.0,False,"ESPAÇO DA SORTE em SÃO PAULO, SP"
2581,08/04/2023,14,17,32,36,39,60,1,46558149.5,False,"ESPAÇO DA SORTE em SÃO PAULO, SP"
2582,12/04/2023,10,14,17,19,21,34,0,0.0,False,"ESPAÇO DA SORTE em SÃO PAULO, SP"
2583,15/04/2023,02,20,27,30,52,59,0,0.0,False,"ESPAÇO DA SORTE em SÃO PAULO, SP"
2584,19/04/2023,01,05,12,36,53,55,0,0.0,False,"ESPAÇO DA SORTE em SÃO PAULO, SP"
2585,22/04/2023,14,26,34,36,43,59,0,0.0,False,"ESPAÇO DA SORTE em SÃO PAULO, SP"
2586,26/04/2023,10,18,41,49,53,59,0,0.0,False,"ESPAÇO DA SORTE em SÃO PAULO, SP"
2587,29/04/2023,05,10,11,22,23,37,1,61056497.58,False,"ESPAÇO DA SORTE em SÃO PAULO, SP"
2588,03/05/2023,09,13,22,31,57,58,0,0.0,False,"ESPAÇO DA SORTE em SÃO PAULO, SP"
2589,06/05/2023,01,15,16,25,32,36,0,0.0,False,"ESPAÇO DA SORTE em SÃO PAULO, SP"
2590,09/05/2023,02,12,28,36,43,48,0,0.0,False,"ESPAÇO DA SORTE em SÃO PAULO, SP"
2591,11/05/2023,10,11,21,23,28,30,1,43295767.4,False,"ESPAÇO DA SORTE em SÃO PAULO, SP"
2592,13/05/2023,15,17,28,34,35,51,0,0.0,False,"ESPAÇO DA SORTE em SÃO PAULO, SP"
2593,17/05/2023,10,14,17,25,32,39,0,0.0,False,"ESPAÇO DA SORTE em SÃO PAULO, SP"
2594,20/05/2023,07,26,32,35,49,55,0,0.0,False,"ESPAÇO DA SORTE em SÃO PAULO, SP"
2595,24/05/2023,01,13,34,39,50,52,0,0.0,False,"ESPAÇO DA SORTE em SÃO PAULO, SP"
2596,27/05/2023,34,35,39,47,51,56,0,0.0,False,"ESPAÇO DA SORTE em SÃO PAULO, SP"
2597,31/05/2023,14,26,34,54,56,58,0,0.0,False,"ESPAÇO DA SORTE em SÃO PAULO, SP"
2598,03/06/2023,07,14,24,53,58,60,1,66093916.13,False,"ESPAÇO DA SORTE em SÃO PAULO, SP"
2599,07/06/2023,23,28,34,43,47,60,0,0.0,False,"ESPAÇO DA SORTE em SÃO PAULO, SP"
2600,10/06/2023,04,18,37,38,46,60,0,0.0,False,"ESPAÇO DA SORTE em SÃO PAULO, SP"
2601,14/06/2023,03,08,34,40,44,55,0,0.0,False,"ESPAÇO DA SORTE em SÃO PAULO, SP"
2602,17/06/2023,11,14,16,30,32,46,1,51774681.61,False,"ESPAÇO DA SORTE em SÃO PAULO, SP"
2603,21/06/2023,03,07,13,29,52,56,0,0.0,False,"ESPAÇO DA SORTE em SÃO PAULO, SP"
2604,24/06/2023,16,17,19,22,46,57,0,0.0,False,"ESPAÇO DA SORTE em SÃO PAULO, SP"
2605,27/06/2023,05,11,26,35,46,54,0,0.0,False,"ESPAÇO DA SORTE em SÃO PAULO, SP"
2606,29/06/2023,02,10,16,32,45,49,0,0.0,False,"ESPAÇO DA SORTE em SÃO PAULO, SP"
2607,01/07/2023,07,11,25,51,57,60,1,44355154.71,False,"ESPAÇO DA SORTE em SÃO PAULO, SP"
2608,05/07/2023,07,13,17,24,29,52,0,0.0,False,"ESPAÇO DA SORTE em SÃO PAULO, SP"
2609,08/07/2023,03,21,27,32,35,60,0,0.0,False,"ESPAÇO DA SORTE em SÃO PAULO, SP"
2610,12/07/2023,10,23,34,53,55,57,0,0.0,False,"ESPAÇO DA SORTE em SÃO PAULO, SP"
2611,15/07/2023,04,12,18,21,25,49,0,0.0,False,"ESPAÇO DA SORTE em SÃO PAULO, SP"
2612,19/07/2023,20,27,34,44,50,54,0,0.0,False,"ESPAÇO DA SORTE em SÃO PAULO, SP"
2613,22/07/2023,14,26,40,42,46,52,0,0.0,False,"ESPAÇO DA SORTE em SÃO PAULO, SP"
2614,25/07/2023,03,08,13,14,19,25,3,22746383.38,False,"ESPAÇO DA SORTE em SÃO PAULO, SP"
2615,27/07/2023,05,07,22,23,41,59,0,0.0,False,"ESPAÇO DA SORTE em SÃO PAULO, SP"
2616,29/07/2023,06,16,23,35,38,49,0,0.0,False,"ESPAÇO DA SORTE em SÃO PAULO, SP"
2617,02/08/2023,03,14,36,42,43,44,0,0.0,False,"ESPAÇO DA SORTE em SÃO PAULO, SP"
2618,05/08/2023,06,17,29,35,45,48,0,0.0,False,"ESPAÇO DA SORTE em SÃO PAULO, SP"
2619,09/08/2023,05,36,39,41,44,50,0,0.0,False,"ESPAÇO DA SORTE em SÃO PAULO, SP"
2620,12/08/2023,04,06,13,21,26,28,4,29058128.28,False,"ESPAÇO DA SORTE em SÃO PAULO, SP"
2621,16/08/2023,06,09,14,16,42,47,2,1928029.09,False,"ESPAÇO DA SORTE em SÃO PAULO, SP"
2622,19/08/2023,09,19,22,24,50,60,1,4645727.41,False,"ESPAÇO DA SORTE em SÃO PAULO, SP"
2623,22/08/2023,10,15,20,35,37,59,0,0.0,False,"ESPAÇO DA SORTE em SÃO PAULO, SP"
2624,24/08/2023,05,31,37,47,52,58,0,0.0,False,"ESPAÇO DA SORTE em SÃO PAULO, SP"
2625,26/08/2023,09,10,35,44,55,58,0,0.0,False,"ESPAÇO DA SORTE em SÃO PAULO, SP"
2626,29/08/2023,01,09,13,16,52,59,0,0.0,False,"ESPAÇO DA SORTE em SÃO PAULO, SP"
2627,31/08/2023,13,25,31,43,57,58,0,0.0,False,"ESPAÇO DA SORTE em SÃO PAULO, SP"
2628,02/09/2023,05,14,32,40,53,54,0,0.0,False,"ESPAÇO DA SORTE em SÃO PAULO, SP"
2629,05/09/2023,11,32,35,40,41,48,0,0.0,False,"ESPAÇO DA SORTE em SÃO PAULO, SP"
2630,09/09/2023,14,18,22,26,31,38,1,84729015.05,False,"ESPAÇO DA SORTE em SÃO PAULO, SP"
2631,12/09/2023,14,26,36,39,50,53,0,0.0,False,"ESPAÇO DA SORTE em SÃO PAULO, SP"
2632,14/09/2023,05,10,27,38,56,57,0,0.0,False,"ESPAÇO DA SORTE em SÃO PAULO, SP"
2633,16/09/2023,02,23,25,33,45,54,0,0.0,False,"ESPAÇO DA SORTE em SÃO PAULO, SP"
2634,19/09/2023,08,27,28,32,48,56,0,0.0,False,"ESPAÇO DA SORTE em SÃO PAULO, SP"
2635,21/09/2023,06,11,29,37,56,58,0,0.0,False,"ESPAÇO DA SORTE em SÃO PAULO, SP"
2636,23/09/2023,05,16,38,42,43,48,1,40435445.43,False,"ESPAÇO DA SORTE em SÃO PAULO, SP"
2637,26/09/2023,01,02,10,32,34,59,0,0.0,False,"ESPAÇO DA SORTE em SÃO PAULO, SP"
2638,28/09/2023,09,30,34,44,54,55,0,0.0,False,"ESPAÇO DA SORTE em SÃO PAULO, SP"
2639,30/09/2023,02,08,11,22,48,49,0,0.0,False,"ESPAÇO DA SORTE em SÃO PAULO, SP"
2640,03/10/2023,04,08,10,27,28,32,0,0.0,False,"ESPAÇO DA SORTE em SÃO PAULO, SP"
2641,05/10/2023,09,24,34,39,45,50,1,32744242.8,False,"ESPAÇO DA SORTE em SÃO PAULO, SP"
2642,07/10/2023,08,13,31,33,49,50,0,0.0,False,"ESPAÇO DA SORTE em SÃO PAULO, SP"
2643,10/10/2023,02,10,29,31,56,59,0,0.0,False,"ESPAÇO DA SORTE em SÃO PAULO, SP"
2644,14/10/2023,04,17,22,28,30,49,0,0.0,False,"ESPAÇO DA SORTE em SÃO PAULO, SP"
2645,17/10/2023,08,22,34,42,51,59,0,0.0,False,"ESPAÇO DA SORTE em SÃO PAULO, SP"
2646,19/10/2023,18,28,30,39,41,58,0,0.0,False,"ESPAÇO DA SORTE em SÃO PAULO, SP"
2647,21/10/2023,09,33,39,43,50,54,0,0.0,False,"ESPAÇO DA SORTE em SÃO PAULO, SP"
2648,24/10/2023,20,44,45,46,56,59,0,0.0,False,"ESPAÇO DA SORTE em SÃO PAULO, SP"
2649,26/10/2023,06,11,26,32,46,56,0,0.0,False,"ESPAÇO DA SORTE em SÃO PAULO, SP"
2650,28/10/2023,09,18,29,37,39,58,0,0.0,False,"ESPAÇO DA SORTE em SÃO PAULO, SP"
2651,01/11/2023,06,23,35,36,37,59,1,104876676.04,False,"ESPAÇO DA SORTE em SÃO PAULO, SP"
2652,04/11/2023,13,23,26,29,45,59,0,0.0,False,"ESPAÇO DA SORTE em SÃO PAULO, SP"
2653,07/11/2023,14,32,41,43,48,60,0,0.0,False,"ESPAÇO DA SORTE em SÃO PAULO, SP"
2654,09/11/2023,11,17,23,36,47,51,1,11906870.24,False,"ESPAÇO DA SORTE em SÃO PAULO, SP"
2655,11/11/2023,10,23,30,31,49,56,0,0.0,False,"ESPAÇO DA SORTE em SÃO PAULO, SP"
2656,14/11/2023,20,24,27,46,57,58,0,0.0,False,"ESPAÇO DA SORTE em SÃO PAULO, SP"
2657,18/11/2023,07,27,32,33,36,53,0,0.0,False,"ESPAÇO DA SORTE em SÃO PAULO, SP"
2658,21/11/2023,05,13,39,51,58,60,1,50248574.29,False,"ESPAÇO DA SORTE em SÃO PAULO, SP"
2659,23/11/2023,11,36,46,53,55,60,0,0.0,False,"ESPAÇO DA SORTE em SÃO PAULO, SP"
2660,25/11/2023,06,12,13,20,38,60,0,0.0,False,"ESPAÇO DA SORTE em SÃO PAULO, SP"
2661,28/11/2023,06,30,35,38,41,56,0,0.0,False,"ESPAÇO DA SORTE em SÃO PAULO, SP"
2662,30/11/2023,17,20,31,34,40,42,1,35852142.15,False,"ESPAÇO DA SORTE em SÃO PAULO, SP"
2663,02/12/2023,07,11,27,41,56,59,0,0.0,False,"ESPAÇO DA SORTE em SÃO PAULO, SP"
2664,05/12/2023,12,15,17,30,40,52,0,0.0,False,"ESPAÇO DA SORTE em SÃO PAULO, SP"
2665,07/12/2023,03,14,21,22,37,39,0,0.0,False,"ESPAÇO DA SORTE em SÃO PAULO, SP"
2666,09/12/2023,05,25,29,30,43,47,1,30781665.32,False,"ESPAÇO DA SORTE em SÃO PAULO, SP"
2667,12/12/2023,01,04,08,21,46,51,0,0.0,False,"ESPAÇO DA SORTE em SÃO PAULO, SP"
2668,14/12/2023,01,27,30,41,46,57,0,0.0,False,"ESPAÇO DA SORTE em SÃO PAULO, SP"
2669,16/12/2023,04,07,16,35,46,54,0,0.0,False,"ESPAÇO DA SORTE em SÃO PAULO, SP"
2670,31/12/2023,21,24,33,41,48,56,5,117778204.25,True,"ESTÚDIO REDE GLOBO em SÃO PAULO, SP"
2671,04/01/2024,16,19,43,53,57,58,0,0.0,False,"ESPAÇO DA SORTE em SÃO PAULO, SP"
2672,06/01/2024,10,13,20,40,43,56,1,6480136.97,False,"ESPAÇO DA SORTE em SÃO PAULO, SP"
2673,09/01/2024,04,27,35,45,52,56,0,0.0,False,"ESPAÇO DA SORTE em SÃO PAULO, SP"
2674,11/01/2024,08,14,15,21,23,46,0,0.0,False,"ESPAÇO DA SORTE em SÃO PAULO, SP"
2675,13/01/2024,01,26,31,34,42,45,0,0.0,False,"ESPAÇO DA SORTE em SÃO PAULO, SP"
2676,16/01/2024,04,06,14,19,22,29,0,0.0,False,"ESPAÇO DA SORTE em SÃO PAULO, SP"
2677,18/01/2024,03,07,32,34,42,54,0,0.0,False,"ESPAÇO DA SORTE em SÃO PAULO, SP"
2678,20/01/2024,10,13,16,18,37,54,0,0.0,False,"ESPAÇO DA SORTE em SÃO PAULO, SP"
2679,23/01/2024,07,18,20,26,38,51,0,0.0,False,"ESPAÇO DA SORTE em SÃO PAULO, SP"
2680,25/01/2024,03,11,42,45,46,57,0,0.0,False,"ESPAÇO DA SORTE em SÃO PAULO, SP"
2681,27/01/2024,10,20,30,42,47,53,0,0.0,False,"ESPAÇO DA SORTE em SÃO PAULO, SP"
2682,30/01/2024,04,17,29,30,52,58,0,0.0,False,"ESPAÇO DA SORTE em SÃO PAULO, SP"
2683,01/02/2024,01,03,23,27,47,57,0,0.0,False,"ESPAÇO DA SORTE em SÃO PAULO, SP"
2684,03/02/2024,17,26,45,46,48,53,1,94839718.02,False,"ESPAÇO DA SORTE em SÃO PAULO, SP"
2685,06/02/2024,09,16,31,46,47,51,0,0.0,False,"ESPAÇO DA SORTE em SÃO PAULO, SP"
2686,08/02/2024,06,12,20,41,43,59,0,0.0,False,"ESPAÇO DA SORTE em SÃO PAULO, SP"
2687,10/02/2024,02,04,24,30,34,50,0,0.0,False,"ESPAÇO DA SORTE em SÃO PAULO, SP"
2688,15/02/2024,12,17,33,41,46,54,0,0.0,False,"ESPAÇO DA SORTE em SÃO PAULO, SP"
2689,17/02/2024,09,16,20,47,48,52,0,0.0,False,"ESPAÇO DA SORTE em SÃO PAULO, SP"
2690,20/02/2024,09,28,33,43,45,55,0,0.0,False,"ESPAÇO DA SORTE em SÃO PAULO, SP"
2691,22/02/2024,13,15,28,37,40,57,0,0.0,False,"ESPAÇO DA SORTE em SÃO PAULO, SP"
2692,24/02/2024,09,33,45,55,56,59,0,0.0,False,"ESPAÇO DA SORTE em SÃO PAULO, SP"
2693,27/02/2024,11,29,44,45,46,50,0,0.0,False,"ESPAÇO DA SORTE em SÃO PAULO, SP"
2694,29/02/2024,07,20,22,29,41,58,0,0.0,False,"ESPAÇO DA SORTE em SÃO PAULO, SP"
2695,02/03/2024,15,17,32,33,34,40,0,0.0,False,"ESPAÇO DA SORTE em SÃO PAULO, SP"
2696,05/03/2024,04,13,18,39,55,59,1,206475189.75,False,"ESPAÇO DA SORTE em SÃO PAULO, SP"
2697,07/03/2024,10,11,13,25,27,42,0,0.0,False,"ESPAÇO DA SORTE em SÃO PAULO, SP"
2698,09/03/2024,02,18,19,35,45,60,0,0.0,False,"ESPAÇO DA SORTE em SÃO PAULO, SP"
2699,12/03/2024,09,23,31,49,54,58,0,0.0,False,"ESPAÇO DA SORTE em SÃO PAULO, SP"
2700,14/03/2024,01,11,19,20,28,48,0,0.0,False,"ESPAÇO DA SORTE em SÃO PAULO, SP"
2701,16/03/2024,06,15,18,31,32,47,0,0.0,False,"ESPAÇO DA SORTE em SÃO PAULO, SP"
2702,19/03/2024,06,13,20,34,40,46,0,0.0,False,"ESPAÇO DA SORTE em SÃO PAULO, SP"
2703,21/03/2024,03,07,11,35,38,56,0,0.0,False,"ESPAÇO DA SORTE em SÃO PAULO, SP"
2704,23/03/2024,03,07,10,25,31,52,0,0.0,False,"ESPAÇO DA SORTE em SÃO PAULO, SP"
2705,26/03/2024,02,16,22,27,35,47,1,118265926.76,False,"ESPAÇO DA SORTE em SÃO PAULO, SP"
2706,30/03/2024,10,11,17,24,30,45,0,0.0,False,"ESPAÇO DA SORTE em SÃO PAULO, SP"
2707,02/04/2024,07,09,11,39,54,57,0,0.0,False,"ESPAÇO DA SORTE em SÃO PAULO, SP"
2708,04/04/2024,10,11,12,19,23,28,0,0.0,False,"ESPAÇO DA SORTE em SÃO PAULO, SP"
2709,06/04/2024,12,22,23,24,47,53,0,0.0,False,"ESPAÇO DA SORTE em SÃO PAULO, SP"
2710,09/04/2024,05,06,25,42,44,50,0,0.0,False,"ESPAÇO DA SORTE em SÃO PAULO, SP"
2711,11/04/2024,14,36,38,46,55,60,0,0.0,False,"ESPAÇO DA SORTE em SÃO PAULO, SP"
2712,13/04/2024,07,15,19,35,40,42,0,0.0,False,"ESPAÇO DA SORTE em SÃO PAULO, SP"
2713,16/04/2024,09,23,25,26,35,58,0,0.0,False,"ESPAÇO DA SORTE em SÃO PAULO, SP"
2714,18/04/2024,16,17,42,45,52,57,0,0.0,False,"ESPAÇO DA SORTE em SÃO PAULO, SP"
2715,20/04/2024,07,19,25,46,50,53,1,102128925.42,False,"ESPAÇO DA SORTE em SÃO PAULO, SP"
2716,23/04/2024,05,20,27,28,48,49,0,0.0,False,"ESPAÇO DA SORTE em SÃO PAULO, SP"
2717,25/04/2024,06,22,34,36,44,50,1,5581371.93,False,"ESPAÇO DA SORTE em SÃO PAULO, SP"
2718,27/04/2024,06,30,34,41,46,59,0,0.0,False,"ESPAÇO DA SORTE em SÃO PAULO, SP"
2719,30/04/2024,16,25,27,30,42,48,0,0.0,False,"ESPAÇO DA SORTE em SÃO PAULO, SP"
2720,04/05/2024,08,15,16,23,42,43,0,0.0,False,"ESPAÇO DA SORTE em SÃO PAULO, SP"
2721,07/05/2024,09,10,11,25,46,48,0,0.0,False,"ESPAÇO DA SORTE em SÃO PAULO, SP"
2722,09/05/2024,19,23,25,36,44,46,0,0.0,False,"ESPAÇO DA SORTE em SÃO PAULO, SP"
2723,11/05/2024,06,12,19,28,50,60,1,46726380.41,False,"ESPAÇO DA SORTE em SÃO PAULO, SP"
2724,14/05/2024,11,21,24,26,42,54,0,0.0,False,"ESPAÇO DA SORTE em SÃO PAULO, SP"
2725,16/05/2024,02,10,32,33,38,47,0,0.0,False,"ESPAÇO DA SORTE em SÃO PAULO, SP"
2726,18/05/2024,27,45,49,53,55,59,0,0.0,False,"ESPAÇO DA SORTE em SÃO PAULO, SP"
2727,21/05/2024,04,32,39,48,51,57,0,0.0,False,"ESPAÇO DA SORTE em SÃO PAULO, SP"
2728,23/05/2024,02,09,11,25,43,51,0,0.0,False,"ESPAÇO DA SORTE em SÃO PAULO, SP"
2729,25/05/2024,20,27,41,47,53,54,0,0.0,False,"ESPAÇO DA SORTE em SÃO PAULO, SP"
2730,28/05/2024,07,24,29,41,46,60,0,0.0,False,"ESPAÇO DA SORTE em SÃO PAULO, SP"
2731,01/06/2024,04,12,32,45,49,58,0,0.0,False,"ESPAÇO DA SORTE em SÃO PAULO, SP"
2732,04/06/2024,01,03,16,18,49,60,0,0.0,False,"ESPAÇO DA SORTE em SÃO PAULO, SP"
2733,06/06/2024,14,20,21,39,44,56,0,0.0,False,"ESPAÇO DA SORTE em SÃO PAULO, SP"
2734,08/06/2024,21,27,35,48,59,60,1,114104458.33,False,"ESPAÇO DA SORTE em SÃO PAULO, SP"
2735,11/06/2024,05,33,46,47,53,59,0,0.0,False,"ESPAÇO DA SORTE em SÃO PAULO, SP"
2736,13/06/2024,11,17,24,26,35,43,0,0.0,False,"ESPAÇO DA SORTE em SÃO PAULO, SP"
2737,15/06/2024,16,20,30,34,37,45,0,0.0,False,"ESPAÇO DA SORTE em SÃO PAULO, SP"
2738,18/06/2024,02,19,25,44,46,60,0,0.0,False,"ESPAÇO DA SORTE em SÃO PAULO, SP"
2739,20/06/2024,19,25,37,45,47,53,0,0.0,False,"ESPAÇO DA SORTE em SÃO PAULO, SP"
2740,22/06/2024,13,16,17,34,41,47,0,0.0,False,"ESPAÇO DA SORTE em SÃO PAULO, SP"
2741,25/06/2024,01,33,35,39,42,56,0,0.0,False,"ESPAÇO DA SORTE em SÃO PAULO, SP"
2742,27/06/2024,02,11,25,32,37,57,0,0.0,False,"ESPAÇO DA SORTE em SÃO PAULO, SP"
2743,29/06/2024,13,25,27,30,37,53,0,0.0,False,"ESPAÇO DA SORTE em SÃO PAULO, SP"
2744,02/07/2024,10,25,26,33,34,38,0,0.0,False,"ESPAÇO DA SORTE em SÃO PAULO, SP"
2745,04/07/2024,02,05,07,11,52,57,3,54262775.07,False,"ESPAÇO DA SORTE em SÃO PAULO, SP"
2746,06/07/2024,22,27,30,43,51,56,0,0.0,False,"ESPAÇO DA SORTE em SÃO PAULO, SP"
2747,10/07/2024,14,17,24,28,36,45,0,0.0,False,"ESPAÇO DA SORTE em SÃO PAULO, SP"
2748,13/07/2024,19,32,43,46,50,52,0,0.0,False,"ESPAÇO DA SORTE em SÃO PAULO, SP"
2749,16/07/2024,08,25,27,38,43,44,0,0.0,False,"ESPAÇO DA SORTE em SÃO PAULO, SP"
2750,18/07/2024,07,11,12,19,36,52,0,0.0,False,"ESPAÇO DA SORTE em SÃO PAULO, SP"
2751,20/07/2024,04,13,18,42,52,53,0,0.0,False,"ESPAÇO DA SORTE em SÃO PAULO, SP"
2752,23/07/2024,04,15,24,40,44,47,0,0.0,False,"ESPAÇO DA SORTE em SÃO PAULO, SP"
2753,25/07/2024,06,26,31,46,52,55,0,0.0,False,"ESPAÇO DA SORTE em SÃO PAULO, SP"
2754,27/07/2024,10,14,44,55,56,58,0,0.0,False,"ESPAÇO DA SORTE em SÃO PAULO, SP"
2755,30/07/2024,07,13,17,33,41,58,3,34222694.19,False,"ESPAÇO DA SORTE em SÃO PAULO, SP"
2756,01/08/2024,01,06,13,18,43,46,0,0.0,False,"ESPAÇO DA SORTE em SÃO PAULO, SP"
2757,03/08/2024,01,21,37,40,51,54,0,0.0,False,"ESPAÇO DA SORTE em SÃO PAULO, SP"
2758,06/08/2024,19,35,36,37,41,60,0,0.0,False,"ESPAÇO DA SORTE em SÃO PAULO, SP"
2759,08/08/2024,03,10,38,40,48,59,0,0.0,False,"ESPAÇO DA SORTE em SÃO PAULO, SP"
2760,10/08/2024,08,11,19,39,47,48,0,0.0,False,"ESPAÇO DA SORTE em SÃO PAULO, SP"
2761,13/08/2024,03,22,34,44,49,57,0,0.0,False,"ESPAÇO DA SORTE em SÃO PAULO, SP"
2762,15/08/2024,01,17,30,40,48,50,0,0.0,False,"ESPAÇO DA SORTE em SÃO PAULO, SP"
2763,17/08/2024,15,16,19,43,44,49,0,0.0,False,"ESPAÇO DA SORTE em SÃO PAULO, SP"
2764,20/08/2024,20,31,34,38,42,51,1,62156999.34,False,"ESPAÇO DA SORTE em SÃO PAULO, SP"
2765,22/08/2024,08,12,34,39,43,47,0,0.0,False,"ESPAÇO DA SORTE em SÃO PAULO, SP"
2766,24/08/2024,09,10,34,36,38,44,2,14946866.27,False,"ESPAÇO DA SORTE em SÃO PAULO, SP"
2767,27/08/2024,14,21,42,47,50,59,0,0.0,False,"ESPAÇO DA SORTE em SÃO PAULO, SP"
2768,29/08/2024,02,12,18,28,32,33,0,0.0,False,"ESPAÇO DA SORTE em SÃO PAULO, SP"
2769,31/08/2024,10,16,35,46,49,60,0,0.0,False,"ESPAÇO DA SORTE em SÃO PAULO, SP"
2770,03/09/2024,21,28,37,44,50,60,0,0.0,False,"ESPAÇO DA SORTE em SÃO PAULO, SP"
2771,06/09/2024,07,13,14,33,38,50,0,0.0,False,"ESPAÇO DA SORTE em SÃO PAULO, SP"
2772,10/09/2024,01,12,33,41,53,56,0,0.0,False,"ESPAÇO DA SORTE em SÃO PAULO, SP"
2773,12/09/2024,19,23,32,34,38,57,0,0.0,False,"ESPAÇO DA SORTE em SÃO PAULO, SP"
2774,14/09/2024,06,16,22,24,38,50,0,0.0,False,"ESPAÇO DA SORTE em SÃO PAULO, SP"
2775,17/09/2024,01,04,14,26,44,51,1,81473638.46,False,"ESPAÇO DA SORTE em SÃO PAULO, SP"
2776,19/09/2024,05,17,22,37,51,52,0,0.0,False,"ESPAÇO DA SORTE em SÃO PAULO, SP"
2777,21/09/2024,02,13,21,38,42,52,0,0.0,False,"ESPAÇO DA SORTE em SÃO PAULO, SP"
2778,24/09/2024,20,33,34,40,43,57,0,0.0,False,"ESPAÇO DA SORTE em SÃO PAULO, SP"
2779,26/09/2024,14,19,32,44,51,54,0,0.0,False,"ESPAÇO DA SORTE em SÃO PAULO, SP"
2780,28/09/2024,07,09,10,14,46,53,0,0.0,False,"ESPAÇO DA SORTE em SÃO PAULO, SP"
2781,01/10/2024,10,31,35,45,50,55,0,0.0,False,"ESPAÇO DA SORTE em SÃO PAULO, SP"
2782,03/10/2024,06,11,16,25,28,45,0,0.0,False,"ESPAÇO DA SORTE em SÃO PAULO, SP"
2783,05/10/2024,07,30,38,39,43,54,1,52087219.71,False,"ESPAÇO DA SORTE em SÃO PAULO, SP"
2784,08/10/2024,27,30,35,44,57,59,0,0.0,False,"ESPAÇO DA SORTE em SÃO PAULO, SP"
2785,11/10/2024,20,27,48,50,57,59,0,0.0,False,"ESPAÇO DA SORTE em SÃO PAULO, SP"
2786,16/10/2024,06,11,17,20,40,51,0,0.0,False,"ESPAÇO DA SORTE em SÃO PAULO, SP"
2787,19/10/2024,08,10,23,34,36,50,0,0.0,False,"ESPAÇO DA SORTE em SÃO PAULO, SP"
2788,22/10/2024,23,37,39,47,52,56,0,0.0,False,"ESPAÇO DA SORTE em SÃO PAULO, SP"
2789,24/10/2024,03,17,18,19,20,55,0,0.0,False,"ESPAÇO DA SORTE em SÃO PAULO, SP"
2790,26/10/2024,29,32,40,42,49,58,0,0.0,False,"ESPAÇO DA SORTE em SÃO PAULO, SP"
2791,29/10/2024,02,03,11,25,37,43,0,0.0,False,"ESPAÇO DA SORTE em SÃO PAULO, SP"
2792,01/11/2024,16,22,33,34,49,59,0,0.0,False,"ESPAÇO DA SORTE em SÃO PAULO, SP"
2793,05/11/2024,07,09,25,37,57,59,0,0.0,False,"ESPAÇO DA SORTE em SÃO PAULO, SP"
2794,07/11/2024,03,09,14,20,28,52,0,0.0,False,"ESPAÇO DA SORTE em SÃO PAULO, SP"
2795,09/11/2024,13,16,33,43,46,55,1,201963763.26,False,"ESPAÇO DA SORTE em SÃO PAULO, SP"
2796,13/11/2024,03,06,14,33,55,58,0,0.0,False,"ESPAÇO DA SORTE em SÃO PAULO, SP"
2797,16/11/2024,01,03,15,25,45,52,0,0.0,False,"ESPAÇO DA SORTE em SÃO PAULO, SP"
2798,19/11/2024,03,09,18,54,59,60,0,0.0,False,"ESPAÇO DA SORTE em SÃO PAULO, SP"
2799,23/11/2024,01,31,38,40,45,60,0,0.0,False,"ESPAÇO DA SORTE em SÃO PAULO, SP"
2800,26/11/2024,01,13,19,46,50,57,0,0.0,False,"ESPAÇO DA SORTE em SÃO PAULO, SP"
2801,28/11/2024,25,27,33,46,48,56,0,0.0,False,"ESPAÇO DA SORTE em SÃO PAULO, SP"
2802,30/11/2024,17,21,26,28,32,60,0,0.0,False,"ESPAÇO DA SORTE em SÃO PAULO, SP"
2803,03/12/2024,01,20,32,43,57,59,1,74745172.19,False,"ESPAÇO DA SORTE em SÃO PAULO, SP"
2804,05/12/2024,14,24,25,31,33,60,0,0.0,False,"ESPAÇO DA SORTE em SÃO PAULO, SP"
2805,07/12/2024,01,06,24,47,55,58,1,28019522.26,False,"ESPAÇO DA SORTE em SÃO PAULO, SP"
2806,10/12/2024,05,11,13,33,45,46,0,0.0,False,"ESPAÇO DA SORTE em SÃO PAULO, SP"
2807,12/12/2024,08,25,49,52,55,56,0,0.0,False,"ESPAÇO DA SORTE em SÃO PAULO, SP"
2808,14/12/2024,10,24,33,35,41,46,0,0.0,False,"ESPAÇO DA SORTE em SÃO PAULO, SP"
2809,17/12/2024,02,04,15,28,34,39,0,0.0,False,"ESPAÇO DA SORTE em SÃO PAULO, SP"
2810,31/12/2024,01,17,19,29,50,57,8,79435770.67,True,"ESTÚDIO REDE GLOBO em SÃO PAULO, SP"
2811,04/01/2025,08,27,36,37,39,45,0,0.0,False,"ESPAÇO DA SORTE em SÃO PAULO, SP"
2812,07/01/2025,15,18,27,31,39,42,0,0.0,False,"ESPAÇO DA SORTE em SÃO PAULO, SP"
2813,09/01/2025,10,21,32,38,51,58,0,0.0,False,"ESPAÇO DA SORTE em SÃO PAULO, SP"
2814,11/01/2025,11,17,19,26,49,54,0,0.0,False,"ESPAÇO DA SORTE em SÃO PAULO, SP"
2815,14/01/2025,05,20,28,38,50,53,0,0.0,False,"ESPAÇO DA SORTE em SÃO PAULO, SP"
2816,16/01/2025,04,17,19,20,40,48,1,37397174.16,False,"ESPAÇO DA SORTE em SÃO PAULO, SP"
2817,18/01/2025,24,30,43,46,55,60,0,0.0,False,"ESPAÇO DA SORTE em SÃO PAULO, SP"
2818,21/01/2025,07,10,12,15,25,47,0,0.0,False,"ESPAÇO DA SORTE em SÃO PAULO, SP"
2819,23/01/2025,11,12,39,43,46,50,0,0.0,False,"ESPAÇO DA SORTE em SÃO PAULO, SP"
2820,25/01/2025,06,15,19,25,32,42,1,28892942.6,False,"ESPAÇO DA SORTE em SÃO PAULO, SP"
2821,28/01/2025,14,22,30,33,44,45,0,0.0,False,"ESPAÇO DA SORTE em SÃO PAULO, SP"
2822,30/01/2025,29,39,46,47,53,56,0,0.0,False,"ESPAÇO DA SORTE em SÃO PAULO, SP"
2823,01/02/2025,07,15,21,37,57,60,0,0.0,False,"ESPAÇO DA SORTE em SÃO PAULO, SP"
2824,04/02/2025,04,16,34,43,54,57,0,0.0,False,"ESPAÇO DA SORTE em SÃO PAULO, SP"
2825,06/02/2025,02,38,50,54,58,59,0,0.0,False,"ESPAÇO DA SORTE em SÃO PAULO, SP"
2826,08/02/2025,06,10,20,54,58,60,0,0.0,False,"ESPAÇO DA SORTE em SÃO PAULO, SP"
2827,11/02/2025,01,11,13,27,45,59,0,0.0,False,"ESPAÇO DA SORTE em SÃO PAULO, SP"
2828,13/02/2025,15,21,25,55,58,59,0,0.0,False,"ESPAÇO DA SORTE em SÃO PAULO, SP"
2829,15/02/2025,13,22,38,46,51,56,0,0.0,False,"ESPAÇO DA SORTE em SÃO PAULO, SP"
2830,18/02/2025,01,28,34,36,51,52,0,0.0,False,"ESPAÇO DA SORTE em SÃO PAULO, SP"
2831,20/02/2025,02,09,32,38,48,55,0,0.0,False,"ESPAÇO DA SORTE em SÃO PAULO, SP"
2832,22/02/2025,02,12,18,21,24,37,0,0.0,False,"ESPAÇO DA SORTE em SÃO PAULO, SP"
2833,25/02/2025,01,03,13,16,36,56,1,131361519.85,False,"ESPAÇO DA SORTE em SÃO PAULO, SP"
2834,27/02/2025,05,08,11,15,39,47,0,0.0,False,"ESPAÇO DA SORTE em SÃO PAULO, SP"
2835,01/03/2025,09,24,27,36,43,54,1,41734619.6,False,"ESPAÇO DA SORTE em SÃO PAULO, SP"
2836,06/03/2025,01,06,10,30,42,50,0,0.0,False,"ESPAÇO DA SORTE em SÃO PAULO, SP"
2837,08/03/2025,03,14,34,35,42,50,0,0.0,False,"ESPAÇO DA SORTE em SÃO PAULO, SP"
2838,11/03/2025,04,07,29,32,36,53,2,5958829.78,False,"ESPAÇO DA SORTE em SÃO PAULO, SP"
2839,13/03/2025,27,30,37,40,46,47,0,0.0,False,"ESPAÇO DA SORTE em SÃO PAULO, SP"
2840,15/03/2025,01,33,39,49,57,60,1,21465552.71,False,"ESPAÇO DA SORTE em SÃO PAULO, SP"
2841,18/03/2025,04,05,12,34,36,48,0,0.0,False,"ESPAÇO DA SORTE em SÃO PAULO, SP"
2842,20/03/2025,04,08,49,51,52,55,0,0.0,False,"ESPAÇO DA SORTE em SÃO PAULO, SP"
2843,22/03/2025,01,37,39,40,43,59,0,0.0,False,"ESPAÇO DA SORTE em SÃO PAULO, SP"
2844,25/03/2025,07,20,31,54,55,58,0,0.0,False,"ESPAÇO DA SORTE em SÃO PAULO, SP"
2845,27/03/2025,10,31,40,52,54,56,0,0.0,False,"ESPAÇO DA SORTE em SÃO PAULO, SP"
2846,29/03/2025,01,12,16,17,25,57,0,0.0,False,"ESPAÇO DA SORTE em SÃO PAULO, SP"
2847,01/04/2025,03,05,22,35,53,56,0,0.0,False,"ESPAÇO DA SORTE em SÃO PAULO, SP"
2848,03/04/2025,05,14,19,29,30,54,0,0.0,False,"ESPAÇO DA SORTE em SÃO PAULO, SP"
2849,05/04/2025,13,19,25,29,31,43,1,59714933.41,False,"ESPAÇO DA SORTE em SÃO PAULO, SP"
2850,08/04/2025,01,02,15,26,43,50,0,0.0,False,"ESPAÇO DA SORTE em SÃO PAULO, SP"
2851,10/04/2025,05,06,17,37,43,54,0,0.0,False,"ESPAÇO DA SORTE em SÃO PAULO, SP"
2852,12/04/2025,06,22,24,49,53,56,0,0.0,False,"ESPAÇO DA SORTE em SÃO PAULO, SP"
2853,15/04/2025,04,18,23,48,53,56,0,0.0,False,"ESPAÇO DA SORTE em SÃO PAULO, SP"
2854,19/04/2025,02,13,16,31,44,55,1,52035653.48,False,"ESPAÇO DA SORTE em SÃO PAULO, SP"
2855,24/04/2025,12,16,24,31,51,55,1,25245913.24,False,"ESPAÇO DA SORTE em SÃO PAULO, SP"
2856,26/04/2025,03,05,10,27,38,48,0,0.0,False,"ESPAÇO DA SORTE em SÃO PAULO, SP"
2857,29/04/2025,02,18,28,38,41,50,0,0.0,False,"ESPAÇO DA SORTE em SÃO PAULO, SP"
2858,03/05/2025,08,18,27,28,48,52,0,0.0,False,"ESPAÇO DA SORTE em SÃO PAULO, SP"
2859,06/05/2025,07,08,15,17,20,51,0,0.0,False,"ESPAÇO DA SORTE em SÃO PAULO, SP"
2860,08/05/2025,02,05,17,24,38,57,0,0.0,False,"ESPAÇO DA SORTE em SÃO PAULO, SP"
2861,10/05/2025,02,21,27,46,51,53,0,0.0,False,"ESPAÇO DA SORTE em SÃO PAULO, SP"
2862,13/05/2025,02,04,14,18,22,44,0,0.0,False,"ESPAÇO DA SORTE em SÃO PAULO, SP"
2863,15/05/2025,05,23,32,34,47,56,0,0.0,False,"ESPAÇO DA SORTE em SÃO PAULO, SP"
2864,17/05/2025,05,06,15,17,31,53,0,0.0,False,"ESPAÇO DA SORTE em SÃO PAULO, SP"
2865,20/05/2025,02,25,30,39,47,51,2,51507067.95,False,"ESPAÇO DA SORTE em SÃO PAULO, SP"
2866,22/05/2025,01,12,17,19,36,60,1,2784095.2,False,"ESPAÇO DA SORTE em SÃO PAULO, SP"
2867,24/05/2025,05,09,15,24,25,60,0,0.0,False,"ESPAÇO DA SORTE em SÃO PAULO, SP"
2868,27/05/2025,10,19,22,26,38,51,0,0.0,False,"ESPAÇO DA SORTE em SÃO PAULO, SP"
2869,29/05/2025,02,10,13,40,41,53,0,0.0,False,"ESPAÇO DA SORTE em SÃO PAULO, SP"
2870,31/05/2025,06,13,15,19,32,60,0,0.0,False,"ESPAÇO DA SORTE em SÃO PAULO, SP"
2871,03/06/2025,04,19,38,43,48,55,0,0.0,False,"ESPAÇO DA SORTE em SÃO PAULO, SP"
2872,05/06/2025,08,23,32,34,35,57,0,0.0,False,"ESPAÇO DA SORTE em SÃO PAULO, SP"
2873,07/06/2025,04,05,17,27,52,56,0,0.0,False,"ESPAÇO DA SORTE em SÃO PAULO, SP"
2874,10/06/2025,04,05,09,17,49,53,0,0.0,False,"ESPAÇO DA SORTE em SÃO PAULO, SP"
2875,12/06/2025,06,15,31,38,40,49,0,0.0,False,"ESPAÇO DA SORTE em SÃO PAULO, SP"
2876,14/06/2025,09,31,32,40,45,55,0,0.0,False,"ESPAÇO DA SORTE em SÃO PAULO, SP"
2877,17/06/2025,03,05,15,37,54,57,0,0.0,False,"ESPAÇO DA SORTE em SÃO PAULO, SP"
2878,21/06/2025,15,16,43,46,47,51,1,127048366.05,False,"ESPAÇO DA SORTE em SÃO PAULO, SP"
2879,24/06/2025,11,20,29,47,52,56,0,0.0,False,"ESPAÇO DA SORTE em SÃO PAULO, SP"
2880,26/06/2025,08,14,15,33,34,54,0,0.0,False,"ESPAÇO DA SORTE em SÃO PAULO, SP"
2881,28/06/2025,11,13,16,34,35,39,0,0.0,False,"ESPAÇO DA SORTE em SÃO PAULO, SP"
2882,01/07/2025,11,15,19,23,49,51,1,50722168.24,False,"ESPAÇO DA SORTE em SÃO PAULO, SP"
2883,03/07/2025,01,40,43,56,57,60,0,0.0,False,"ESPAÇO DA SORTE em SÃO PAULO, SP"
2884,05/07/2025,05,31,34,37,52,56,0,0.0,False,"ESPAÇO DA SORTE em SÃO PAULO, SP"
2885,08/07/2025,10,25,28,36,37,56,0,0.0,False,"ESPAÇO DA SORTE em SÃO PAULO, SP"
2886,10/07/2025,02,13,19,20,55,59,0,0.0,False,"ESPAÇO DA SORTE em SÃO PAULO, SP"
2887,12/07/2025,14,29,30,50,53,57,0,0.0,False,"ESPAÇO DA SORTE em SÃO PAULO, SP"
2888,15/07/2025,03,09,15,27,39,59,1,45115606.88,False,"ESPAÇO DA SORTE em SÃO PAULO, SP"
2889,17/07/2025,13,16,36,39,40,55,0,0.0,False,"ESPAÇO DA SORTE em SÃO PAULO, SP"
2890,19/07/2025,15,16,18,32,35,54,0,0.0,False,"ESPAÇO DA SORTE em SÃO PAULO, SP"
2891,22/07/2025,19,24,26,34,35,54,0,0.0,False,"ESPAÇO DA SORTE em SÃO PAULO, SP"
2892,24/07/2025,14,24,36,44,46,54,0,0.0,False,"ESPAÇO DA SORTE em SÃO PAULO, SP"
2893,26/07/2025,10,40,41,45,48,50,0,0.0,False,"ESPAÇO DA SORTE em SÃO PAULO, SP"
2894,29/07/2025,05,21,24,25,29,49,0,0.0,False,"ESPAÇO DA SORTE em SÃO PAULO, SP"
2895,31/07/2025,09,11,44,51,52,56,0,0.0,False,"ESPAÇO DA SORTE em SÃO PAULO, SP"
2896,02/08/2025,08,09,12,16,43,53,0,0.0,False,"ESPAÇO DA SORTE em SÃO PAULO, SP"
2897,05/08/2025,01,06,24,27,28,57,1,99592255.98,False,"ESPAÇO DA SORTE em SÃO PAULO, SP"
2898,07/08/2025,14,23,30,32,38,48,0,0.0,False,"ESPAÇO DA SORTE em SÃO PAULO, SP"
2899,09/08/2025,10,22,28,42,44,51,0,0.0,False,"ESPAÇO DA SORTE em SÃO PAULO, SP"
2900,12/08/2025,33,50,54,55,59,60,0,0.0,False,"ESPAÇO DA SORTE em SÃO PAULO, SP"
2901,14/08/2025,02,20,28,38,44,47,0,0.0,False,"ESPAÇO DA SORTE em SAO PAULO, SP"
2902,16/08/2025,08,21,22,42,45,48,0,0.0,False,"ESPAÇO DA SORTE em SÃO PAULO, SP"
2903,19/08/2025,20,24,27,46,50,54,1,63090150.68,False,"ESPAÇO DA SORTE em SÃO PAULO, SP"
2904,21/08/2025,02,37,38,46,52,55,0,0.0,False,"ESPAÇO DA SORTE em SÃO PAULO, SP"
2905,23/08/2025,04,17,18,26,43,52,0,0.0,False,"ESPAÇO DA SORTE em SÃO PAULO, SP"
2906,26/08/2025,17,33,37,41,46,49,1,33707841.37,False,"ESPAÇO DA SORTE em SÃO PAULO, SP"
2907,28/08/2025,30,33,42,44,52,56,0,0.0,False,"ESPAÇO DA SORTE em SÃO PAULO, SP"
2908,30/08/2025,20,35,36,37,38,50,0,0.0,False,"ESPAÇO DA SORTE em SÃO PAULO, SP"
2909,02/09/2025,08,21,31,41,53,58,0,0.0,False,"ESPAÇO DA SORTE em SÃO PAULO, SP"
2910,04/09/2025,03,04,11,15,28,29,0,0.0,False,"ESPAÇO DA SORTE em SÃO PAULO, SP"
2911,06/09/2025,23,27,32,54,56,59,0,0.0,False,"ESPAÇO DA SORTE em SÃO PAULO, SP"
2912,09/09/2025,09,25,37,41,51,59,0,0.0,False,"ESPAÇO DA SORTE em SÃO PAULO, SP"
2913,11/09/2025,17,21,34,52,55,60,1,53944790.09,False,"ESPAÇO DA SORTE em SÃO PAULO, SP"
2914,13/09/2025,18,25,35,40,46,47,0,0.0,False,"ESPAÇO DA SORTE em SÃO PAULO, SP"
2915,16/09/2025,10,11,15,38,52,60,0,0.0,False,"ESPAÇO DA SORTE em SÃO PAULO, SP"
2916,18/09/2025,05,11,16,27,40,45,0,0.0,False,"ESPAÇO DA SORTE em SÃO PAULO, SP"
2917,20/09/2025,06,19,38,41,46,57,0,0.0,False,"ESPAÇO DA SORTE em SÃO PAULO, SP"
2918,23/09/2025,11,27,31,41,48,54,0,0.0,False,"ESPAÇO DA SORTE em SÃO PAULO, SP"
2919,25/09/2025,03,26,28,37,42,53,0,0.0,False,"ESPAÇO DA SORTE em SÃO PAULO, SP"
2920,27/09/2025,08,12,16,19,31,58,1,80688743.7,False,"ESPAÇO DA SORTE em SÃO PAULO, SP"
2921,30/09/2025,09,12,14,16,26,36,0,0.0,False,"ESPAÇO DA SORTE em SÃO PAULO, SP"
2922,02/10/2025,04,23,30,39,40,41,0,0.0,False,"ESPAÇO DA SORTE em SÃO PAULO, SP"
2923,04/10/2025,18,27,32,39,55,56,0,0.0,False,"ESPAÇO DA SORTE em SÃO PAULO, SP"
2924,07/10/2025,10,19,30,40,48,54,1,17924306.92,False,"ESPAÇO DA SORTE em SÃO PAULO, SP"
2925,09/10/2025,07,09,12,13,24,27,0,0.0,False,"ESPAÇO DA SORTE em SÃO PAULO, SP"
2926,11/10/2025,03,04,14,35,45,49,0,0.0,False,"ESPAÇO DA SORTE em SÃO PAULO, SP"
2927,14/10/2025,11,27,34,55,56,58,0,0.0,False,"ESPAÇO DA SORTE em SÃO PAULO, SP"
2928,16/10/2025,14,24,29,32,46,48,0,0.0,False,"ESPAÇO DA SORTE em SÃO PAULO, SP"
2929,18/10/2025,03,07,08,34,35,51,0,0.0,False,"ESPAÇO DA SORTE em SÃO PAULO, SP"
2930,21/10/2025,01,11,13,14,36,45,0,0.0,False,"ESPAÇO DA SORTE em SÃO PAULO, SP"
2931,23/10/2025,04,19,23,36,47,52,0,0.0,False,"ESPAÇO DA SORTE em SÃO PAULO, SP"
2932,25/10/2025,04,13,25,36,40,53,1,96166949.14,False,"ESPAÇO DA SORTE em SÃO PAULO, SP"
2933,28/10/2025,01,18,22,42,48,50,0,0.0,False,"ESPAÇO DA SORTE em SÃO PAULO, SP"
2934,30/10/2025,09,17,23,26,33,59,0,0.0,False,"ESPAÇO DA SORTE em SÃO PAULO, SP"
2935,01/11/2025,09,18,28,34,38,57,0,0.0,False,"ESPAÇO DA SORTE em SÃO PAULO, SP"
2936,04/11/2025,04,07,09,15,29,32,0,0.0,False,"ESPAÇO DA SORTE em SÃO PAULO, SP"
2937,06/11/2025,12,17,26,34,44,52,0,0.0,False,"ESPAÇO DA SORTE em SÃO PAULO, SP"
2938,08/11/2025,10,14,15,35,44,56,0,0.0,False,"ESPAÇO DA SORTE em SÃO PAULO, SP"
2939,11/11/2025,22,31,33,37,42,49,0,0.0,False,"ESPAÇO DA SORTE em SÃO PAULO, SP"
2940,14/11/2025,07,08,09,13,22,53,1,99085707.38,False,"ESPAÇO DA SORTE em SÃO PAULO, SP"
2941,18/11/2025,14,30,33,35,48,51,0,0.0,False,"ESPAÇO DA SORTE em SÃO PAULO, SP"
2942,22/11/2025,12,30,40,46,54,60,0,0.0,False,"ESPAÇO DA SORTE em SÃO PAULO, SP"
2943,25/11/2025,08,29,30,36,39,60,1,14986158.02,False,"ESPAÇO DA SORTE em SÃO PAULO, SP"
2944,27/11/2025,08,15,23,39,40,59,0,0.0,False,"ESPAÇO DA SORTE em SÃO PAULO, SP"
2945,29/11/2025,01,02,03,07,27,33,1,27233418.65,False,"ESPAÇO DA SORTE em SÃO PAULO, SP"
2946,02/12/2025,04,13,17,21,49,54,0,0.0,False,"ESPAÇO DA SORTE em SÃO PAULO, SP"
2947,04/12/2025,04,10,15,37,39,44,0,0.0,False,"ESPAÇO DA SORTE em SÃO PAULO, SP"
2948,06/12/2025,06,24,37,52,53,58,0,0.0,False,"ESPAÇO DA SORTE em SÃO PAULO, SP"
2949,09/12/2025,04,06,11,38,49,54,0,0.0,False,"ESPAÇO DA SORTE em SÃO PAULO, SP"
2950,11/12/2025,21,23,42,49,50,60,0,0.0,False,"ESPAÇO DA SORTE em SÃO PAULO, SP"
2951,13/12/2025,05,08,30,31,37,45,0,0.0,False,"ESPAÇO DA SORTE em SÃO PAULO, SP"
2952,16/12/2025,01,20,45,48,51,58,0,0.0,False,"ESPAÇO DA SORTE em SÃO PAULO, SP"
2953,18/12/2025,05,10,24,25,47,54,0,0.0,False,"ESPAÇO DA SORTE em SÃO PAULO, SP"
2954,20/12/2025,01,09,37,39,42,44,0,0.0,False,"ESPAÇO DA SORTE em SÃO PAULO, SP"
2955,01/01/2026,09,13,21,32,33,59,6,181892881.09,True,"ESPAÇO DA SORTE em SÃO PAULO, SP"
2956,06/01/2026,10,18,21,24,43,47,0,0.0,False,"ESPAÇO DA SORTE em SÃO PAULO, SP"
2957,08/01/2026,19,28,36,37,48,52,0,0.0,False,"ESPAÇO DA SORTE em SÃO PAULO, SP"
2958,10/01/2026,07,09,14,35,42,49,0,0.0,False,"ESPAÇO DA SORTE em SÃO PAULO, SP"
2959,13/01/2026,18,26,35,41,44,45,0,0.0,False,"ESPAÇO DA SORTE em SÃO PAULO, SP"
2960,15/01/2026,03,13,15,16,46,47,0,0.0,False,"ESPAÇO DA SORTE em SÃO PAULO, SP"
2961,17/01/2026,10,13,55,56,59,60,0,0.0,False,"ESPAÇO DA SORTE em SÃO PAULO, SP"
2962,20/01/2026,06,29,33,38,53,56,0,0.0,False,"ESPAÇO DA SORTE em SÃO PAULO, SP"
2963,22/01/2026,06,20,34,44,53,57,0,0.0,False,"ESPAÇO DA SORTE em SÃO PAULO, SP"
2964,24/01/2026,03,09,15,17,30,60,0,0.0,False,"ESPAÇO DA SORTE em SÃO PAULO, SP"
2965,27/01/2026,01,20,22,23,35,57,0,0.0,False,"ESPAÇO DA SORTE em SÃO PAULO, SP"
2966,29/01/2026,06,07,09,43,44,53,0,0.0,False,"ESPAÇO DA SORTE em SÃO PAULO, SP"
2967,31/01/2026,01,06,38,47,56,60,0,0.0,False,"ESPAÇO DA SORTE em SÃO PAULO, SP"
2968,03/02/2026,10,11,22,26,36,46,0,0.0,False,"ESPAÇO DA SORTE em SÃO PAULO, SP"
2969,05/02/2026,01,02,05,14,18,32,1,141844705.71,False,"ESPAÇO DA SORTE em SÃO PAULO, SP"
2970,07/02/2026,22,32,37,41,42,59,0,0.0,False,"ESPAÇO DA SORTE em SÃO PAULO, SP"
2971,10/02/2026,01,27,39,40,46,56,0,0.0,False,"ESPAÇO DA SORTE em SÃO PAULO, SP"
2972,12/02/2026,09,10,15,46,49,51,0,0.0,False,"ESPAÇO DA SORTE em SÃO PAULO, SP"
2973,14/02/2026,16,24,27,31,45,46,0,0.0,False,"ESPAÇO DA SORTE em SÃO PAULO, SP"
2974,19/02/2026,03,10,12,19,37,40,0,0.0,False,"ESPAÇO DA SORTE em SÃO PAULO, SP"
2975,21/02/2026,07,10,17,35,44,46,0,0.0,False,"ESPAÇO DA SORTE em SÃO PAULO, SP"
2976,24/02/2026,07,09,10,21,28,43,0,0.0,False,"ESPAÇO DA SORTE em SÃO PAULO, SP"
2977,26/02/2026,08,19,27,32,38,52,0,0.0,False,"ESPAÇO DA SORTE em SÃO PAULO, SP"
2978,28/02/2026,06,09,13,20,42,50,0,0.0,False,"ESPAÇO DA SORTE em SÃO PAULO, SP"
2979,03/03/2026,18,27,37,43,47,53,1,158039482.14,False,"ESPAÇO DA SORTE em SÃO PAULO, SP"
2980,05/03/2026,03,14,27,33,43,45,0,0.0,False,"ESPAÇO DA SORTE em SÃO PAULO, SP"
2981,07/03/2026,15,22,27,32,50,58,0,0.0,False,"ESPAÇO DA SORTE em SÃO PAULO, SP"
2982,10/03/2026,02,35,41,46,49,58,0,0.0,False,"ESPAÇO DA SORTE em SÃO PAULO, SP"
2983,12/03/2026,03,15,30,32,40,52,0,0.0,False,"ESPAÇO DA SORTE em SÃO PAULO, SP"
2984,14/03/2026,06,11,15,28,42,60,0,0.0,False,"ESPAÇO DA SORTE em SÃO PAULO, SP"
2985,17/03/2026,06,08,21,32,41,60,3,34856052.53,False,"ESPAÇO DA SORTE em SÃO PAULO, SP"
2986,19/03/2026,01,05,13,26,41,53,0,0.0,False,"ESPAÇO DA SORTE em SÃO PAULO, SP"
2987,21/03/2026,16,17,20,28,46,47,0,0.0,False,"ESPAÇO DA SORTE em SÃO PAULO, SP"
2988,24/03/2026,21,23,28,36,57,58,0,0.0,False,"ESPAÇO DA SORTE em SÃO PAULO, SP"
2989,26/03/2026,06,14,28,31,56,59,0,0.0,False,"ESPAÇO DA SORTE em SÃO PAULO, SP"
2990,28/03/2026,06,14,18,29,30,44,1,37983331.58,False,"ESPAÇO DA SORTE em SÃO PAULO, SP"
2991,31/03/2026,04,14,19,23,36,53,0,0.0,False,"ESPAÇO DA SORTE em SÃO PAULO, SP"
2992,04/04/2026,04,17,23,33,36,49,0,0.0,False,"ESPAÇO DA SORTE em SÃO PAULO, SP"
2993,07/04/2026,03,15,31,42,43,51,0,0.0,False,"ESPAÇO DA SORTE em SÃO PAULO, SP"
